ID,CompanyName,ContactName,PhoneNumber,City,State,Status,CompetitorWebsite,Notes
1,"1 Plus Texas Remodeling, LLC",Owner / Manager,+18324791018,Houston,Texas,Pending,https://www.elevationroofing.com/,Google Maps URL: https://www.google.com/maps/search/?api=1&query=1%20Plus%20Texas%20Remodeling%2C%20LLC&query_place_id=ChIJp_qBH0FSfmQR9RJ9xxD5dbo
2,24 Hour Mold Pros,Owner / Manager,+12818054207,Houston,Texas,Pending,,Google Maps URL: https://www.google.com/maps/search/?api=1&query=24%20Hour%20Mold%20Pros&query_place_id=ChIJ015oy1AJw2oR1Lgbas4xvuE
3,360 Building Service,Owner / Manager,+12147797269,Texas,USA,Pending,,Google Maps URL: https://www.google.com/maps/search/?api=1&query=360%20Building%20Service&query_place_id=ChIJ1YpRruK9ToYRcbRHjYZXOvU
4,4B Construction Services,Owner / Manager,+19722695311,Dallas,Texas,Pending,https://www.tigroofing.com/,Google Maps URL: https://www.google.com/maps/search/?api=1&query=4B%20Construction%20Services&query_place_id=ChIJhaO9pd2fToYRMetl5WADGqg
5,A Wright Choice Constrution Remodeling,Owner / Manager,+12148087126,Texas,USA,Pending,,Google Maps URL: https://www.google.com/maps/search/?api=1&query=A%20Wright%20Choice%20Constrution%20Remodeling&query_place_id=ChIJ_8x3t3aXToYRvRhVE4eIPS8
6,A&C REMODELING and CONSTRUCTION CO,Owner / Manager,+13467195170,Houston,Texas,Pending,https://www.elevationroofing.com/,Google Maps URL: https://www.google.com/maps/search/?api=1&query=A%26C%20REMODELING%20and%20CONSTRUCTION%20CO&query_place_id=ChIJRbDm7_3FQIYRHlxEx9_o0tU
7,"A&J Roofing, Construction & Remodeling",Owner / Manager,+13464989551,Houston,Texas,Pending,,Google Maps URL: https://www.google.com/maps/search/?api=1&query=A%26J%20Roofing%2C%20Construction%20%26%20Remodeling&query_place_id=ChIJSaMSiGq5QIYRdec3Op6ZHlw
8,A+ Painting and Roofing,Owner / Manager,+12145791109,Texas,USA,Pending,,Google Maps URL: https://www.google.com/maps/search/?api=1&query=A%2B%20Painting%20and%20Roofing&query_place_id=ChIJlb7IkRKXToYR3OcYZQHkxv4
9,A-Plus Roofing & Siding,Owner / Manager,+16155895518,Nashville,Tennessee,Pending,,Google Maps URL: https://www.google.com/maps/search/?api=1&query=A-Plus%20Roofing%20%26%20Siding&query_place_id=ChIJq6qqqvpvZIgRqsDya_mS7qs
10,A. H,Owner / Manager,+18323168495,Houston,Texas,Pending,,Google Maps URL: https://www.google.com/maps/search/?api=1&query=A.%20H&query_place_id=ChIJQ_OcmBKZQIYRQrAWVGSt_Fw
11,A.D’S HOME IMPROVEMENT,Owner / Manager,+12818038129,Houston,Texas,Pending,,Google Maps URL: https://www.google.com/maps/search/?api=1&query=A.D%E2%80%99S%20HOME%20IMPROVEMENT&query_place_id=ChIJK0qt4AZc9okRx8tkBaij38c
12,A1 roofing,Owner / Manager,+18326545831,Houston,Texas,Pending,,Google Maps URL: https://www.google.com/maps/search/?api=1&query=A1%20roofing&query_place_id=ChIJ7wTo3sK5QIYRsV2gDGyB4OY
13,AA Soto Roofing,Owner / Manager,+17137540618,Houston,Texas,Pending,,Google Maps URL: https://www.google.com/maps/search/?api=1&query=AA%20Soto%20Roofing&query_place_id=ChIJhzXKclz0rCIRf3zMg2eunI4
14,ACA Construction LLC,Owner / Manager,+16156791386,Hermitage,Tennessee,Pending,,Google Maps URL: https://www.google.com/maps/search/?api=1&query=ACA%20Construction%20LLC&query_place_id=ChIJCfEtMRFrZIgRiRVvamKLG4k
15,ACS Commercial Roofing,Owner / Manager,+16153465590,Madison,Tennessee,Pending,,Google Maps URL: https://www.google.com/maps/search/?api=1&query=ACS%20Commercial%20Roofing&query_place_id=ChIJ8wMngCBrZIgRlfR4b-_7wgQ
16,AM Roofing,Owner / Manager,+18324150767,Houston,Texas,Pending,,Google Maps URL: https://www.google.com/maps/search/?api=1&query=AM%20Roofing&query_place_id=ChIJTY4eeK8VdA4RBAfKYzJl0jA
17,ANA SOLAR & ROOFING,Owner / Manager,+17135520484,Houston,Texas,Pending,,Google Maps URL: https://www.google.com/maps/search/?api=1&query=ANA%20SOLAR%20%26%20ROOFING&query_place_id=ChIJww2-SrDdQIYRPhY8Xe2QsqM
18,APB Pole Barns,Owner / Manager,+12106502276,Houston,Texas,Pending,,Google Maps URL: https://www.google.com/maps/search/?api=1&query=APB%20Pole%20Barns&query_place_id=ChIJgWdM4eztNIgRv9qrPbsZmQI
19,AZ Roofing & Painting,Owner / Manager,+18325738954,Houston,Texas,Pending,,Google Maps URL: https://www.google.com/maps/search/?api=1&query=AZ%20Roofing%20%26%20Painting&query_place_id=ChIJdfRxCz-vYWcRQ2Gf6CHnTjs
20,Aa Roofing,Owner / Manager,+17134337501,Houston,Texas,Pending,,Google Maps URL: https://www.google.com/maps/search/?api=1&query=Aa%20Roofing&query_place_id=ChIJe74qG2vrQIYRPsiffgWXuqY
21,Accurate Bullie Roofing & Construction,Owner / Manager,+16157154509,Unknown,USA,Pending,,Google Maps URL: https://www.google.com/maps/search/?api=1&query=Accurate%20Bullie%20Roofing%20%26%20Construction&query_place_id=ChIJo6QVavtlZIgRN1YXIe69p0I
22,Accurate Roofing Solutions,Owner / Manager,+17257052698,Houston,Texas,Pending,,Google Maps URL: https://www.google.com/maps/search/?api=1&query=Accurate%20Roofing%20Solutions&query_place_id=ChIJt83oCOO_QIYRSpwxSuwzkyI
23,Action Electric Co,Owner / Manager,+17133925795,Houston,Texas,Pending,,Google Maps URL: https://www.google.com/maps/search/?api=1&query=Action%20Electric%20Co&query_place_id=ChIJq48YEe_pQIYRWDZxQfI1tz4
24,Adams & Sons Roofing,Owner / Manager,+19365082220,Houston,Texas,Pending,,Google Maps URL: https://www.google.com/maps/search/?api=1&query=Adams%20%26%20Sons%20Roofing&query_place_id=ChIJ30ABTsSXQIYRIacAxwLXcrI
25,Adams Brothers Roof Repair,Owner / Manager,+19363104112,Houston,Texas,Pending,,Google Maps URL: https://www.google.com/maps/search/?api=1&query=Adams%20Brothers%20Roof%20Repair&query_place_id=ChIJjQQComq5QIYRALZF6WaXHfM
26,Adams Brothers Roof Repair,Owner / Manager,+14699404277,Dallas,Texas,Pending,,Google Maps URL: https://www.google.com/maps/search/?api=1&query=Adams%20Brothers%20Roof%20Repair&query_place_id=ChIJjW5qbZWbToYRXDlzpxPDUsc
27,Advanced metal roofing,Owner / Manager,+14692790801,Dallas,Texas,Pending,,Google Maps URL: https://www.google.com/maps/search/?api=1&query=Advanced%20metal%20roofing&query_place_id=ChIJFQM__4yZToYR_TmkalJhg-0
28,Aguirres Roofing and Siding,Owner / Manager,+18324984466,Houston,Texas,Pending,,Google Maps URL: https://www.google.com/maps/search/?api=1&query=Aguirres%20Roofing%20and%20Siding&query_place_id=ChIJdbO8SkWZQIYRNPE1g-KTXV0
29,Alexander roofing,Owner / Manager,+12392995257,Houston,Texas,Pending,,Google Maps URL: https://www.google.com/maps/search/?api=1&query=Alexander%20roofing&query_place_id=ChIJoyX1V1lb4QMRE71iME7EVH0
30,Alford Roofing & Construction,Owner / Manager,+16157396122,Nashville,Tennessee,Pending,,Google Maps URL: https://www.google.com/maps/search/?api=1&query=Alford%20Roofing%20%26%20Construction&query_place_id=ChIJa2emPsZoZIgRqiFWY9BvMEw
31,All Painting & Remodeling,Owner / Manager,+17138931319,Houston,Texas,Pending,,Google Maps URL: https://www.google.com/maps/search/?api=1&query=All%20Painting%20%26%20Remodeling&query_place_id=ChIJO40StDq_QIYRTCAY1MrxdZo
32,All Source Roofing Services,Owner / Manager,+18327215309,Houston,Texas,Pending,,Google Maps URL: https://www.google.com/maps/search/?api=1&query=All%20Source%20Roofing%20Services&query_place_id=ChIJ91VWmiClQIYRqMn5gTy_0z0
33,All Weather Roofing,Owner / Manager,+12819001280,Houston,Texas,Pending,,Google Maps URL: https://www.google.com/maps/search/?api=1&query=All%20Weather%20Roofing&query_place_id=ChIJ9xxLtTTDQIYRYNQJPtQFg9o
34,All You Need Roofing,Owner / Manager,+16159640444,Unknown,USA,Pending,,Google Maps URL: https://www.google.com/maps/search/?api=1&query=All%20You%20Need%20Roofing&query_place_id=ChIJnXaobrpVUYgRGVVRCWLd0qs
35,All siding construction LLC,Owner / Manager,+16154916638,Unknown,USA,Pending,,Google Maps URL: https://www.google.com/maps/search/?api=1&query=All%20siding%20construction%20LLC&query_place_id=ChIJ65h9788PZIgRMU4_NLnGpKo
36,Alliance Roofing & Construction,Owner / Manager,+18328761208,Houston,Texas,Pending,,Google Maps URL: https://www.google.com/maps/search/?api=1&query=Alliance%20Roofing%20%26%20Construction&query_place_id=ChIJzzeqTYPFQIYRztANPf_sPTI
37,Alltrust General Contractors,Owner / Manager,+12143087597,Dallas,Texas,Pending,,Google Maps URL: https://www.google.com/maps/search/?api=1&query=Alltrust%20General%20Contractors&query_place_id=ChIJh2keTe6mToYRmTBn9Xie-Ss
38,"Almeida Contruction, Home Remodeling",Owner / Manager,+18327034708,Houston,Texas,Pending,,Google Maps URL: https://www.google.com/maps/search/?api=1&query=Almeida%20Contruction%2C%20Home%20Remodeling&query_place_id=ChIJVaq9CuK5QIYR2k7OULBAfcg
39,Alpha one roofing supplys,Owner / Manager,+13463178348,Houston,Texas,Pending,,Google Maps URL: https://www.google.com/maps/search/?api=1&query=Alpha%20one%20roofing%20supplys&query_place_id=ChIJ3yOFMay7QIYRixrY5Os49C8
40,Alpine Roofing & Sheet Metal,Owner / Manager,+12143203905,Dallas,Texas,Pending,,Google Maps URL: https://www.google.com/maps/search/?api=1&query=Alpine%20Roofing%20%26%20Sheet%20Metal&query_place_id=ChIJC7p4shWhToYRNpXvc-OTZ8k
41,Aluminum & Steel Shingles,Owner / Manager,+12143725262,Dallas,Texas,Pending,,Google Maps URL: https://www.google.com/maps/search/?api=1&query=Aluminum%20%26%20Steel%20Shingles&query_place_id=ChIJq6qqqnqXToYRl1vV9Xo8iC4
42,Alvarez Roofing & Restoration,Owner / Manager,+12142166596,Dallas,Texas,Pending,,Google Maps URL: https://www.google.com/maps/search/?api=1&query=Alvarez%20Roofing%20%26%20Restoration&query_place_id=ChIJTR8ijOmPToYRRAiqnN2Lqu4
43,Amaya Roofing,Owner / Manager,+17133980286,Houston,Texas,Pending,,Google Maps URL: https://www.google.com/maps/search/?api=1&query=Amaya%20Roofing&query_place_id=ChIJX9ugNa2k4mwRbVkrb-m3pOA
44,American 3rd Coast Renovators,Owner / Manager,+18328754568,Houston,Texas,Pending,,Google Maps URL: https://www.google.com/maps/search/?api=1&query=American%203rd%20Coast%20Renovators&query_place_id=ChIJPQrCzjzDQIYR1Fq9TNiR6FI
45,Amex Roofing,Owner / Manager,+12143641488,Texas,USA,Pending,,Google Maps URL: https://www.google.com/maps/search/?api=1&query=Amex%20Roofing&query_place_id=ChIJvRS5TFGtdycRTWNFU7Jk2Do
46,Amir Homes and Remodeling,Owner / Manager,+18326542269,Houston,Texas,Pending,,Google Maps URL: https://www.google.com/maps/search/?api=1&query=Amir%20Homes%20and%20Remodeling&query_place_id=ChIJ1-SkBqLDQIYRayd8O34x_xE
47,Anas roofing and remodeling,Owner / Manager,+16156091516,Nashville,Tennessee,Pending,,Google Maps URL: https://www.google.com/maps/search/?api=1&query=Anas%20roofing%20and%20remodeling&query_place_id=ChIJuRIrTkRpZIgRlcHMTYIdfzY
48,Antonio Zelaya Roofing,Owner / Manager,+14696617540,Texas,USA,Pending,,Google Maps URL: https://www.google.com/maps/search/?api=1&query=Antonio%20Zelaya%20Roofing&query_place_id=ChIJdQGS_hHoPAgR_U2Mrn5UZ74
49,Antonio's roofing,Owner / Manager,+18324837121,Houston,Texas,Pending,,Google Maps URL: https://www.google.com/maps/search/?api=1&query=Antonio's%20roofing&query_place_id=ChIJB_KvsRXxNKERL6W-3Pnu8_w
50,Apex Roofing Dallas,Owner / Manager,+15863529322,Dallas,Texas,Pending,,Google Maps URL: https://www.google.com/maps/search/?api=1&query=Apex%20Roofing%20Dallas&query_place_id=ChIJ712oaQCjToYRoapkDeDdskg
51,Apex Roofing Experts,Owner / Manager,+12816285245,Houston,Texas,Pending,,Google Maps URL: https://www.google.com/maps/search/?api=1&query=Apex%20Roofing%20Experts&query_place_id=ChIJYb1gBAC_QIYRJTij7AVYpJM
52,Apex Roofing Experts,Owner / Manager,+12816281890,Houston,Texas,Pending,,Google Maps URL: https://www.google.com/maps/search/?api=1&query=Apex%20Roofing%20Experts&query_place_id=ChIJx6bpPgC_QIYRrwVZFwJc16U
53,Apex Roofing Experts,Owner / Manager,+12815369283,Houston,Texas,Pending,,Google Maps URL: https://www.google.com/maps/search/?api=1&query=Apex%20Roofing%20Experts&query_place_id=ChIJp5EKbwC_QIYRBAOyUzmTGEQ
54,ArchiteraBuildCo,Owner / Manager,+19342405659,Dallas,Texas,Pending,,Google Maps URL: https://www.google.com/maps/search/?api=1&query=ArchiteraBuildCo&query_place_id=ChIJJzbUUQKXToYRqZUu8wfTUNk
55,Arellano Construction and Development Inc.,Owner / Manager,+16156064330,Unknown,USA,Pending,,Google Maps URL: https://www.google.com/maps/search/?api=1&query=Arellano%20Construction%20and%20Development%20Inc.&query_place_id=ChIJ6X-Neq2hswIRG8IaM13MrOY
56,Assurance Restoration & Roofing,Owner / Manager,+16153333765,Nashville,Tennessee,Pending,,Google Maps URL: https://www.google.com/maps/search/?api=1&query=Assurance%20Restoration%20%26%20Roofing&query_place_id=ChIJo0Hw2eRvZIgRfXu1W7sSRkA
57,At the Top Restoration Roofing,Owner / Manager,+16158241500,Madison,Tennessee,Pending,,Google Maps URL: https://www.google.com/maps/search/?api=1&query=At%20the%20Top%20Restoration%20Roofing&query_place_id=ChIJAQAAAKRoZIgRYB3qnmfn0nU
58,Authentic Siding Solutions,Owner / Manager,+16153577145,Hermitage,Tennessee,Pending,,Google Maps URL: https://www.google.com/maps/search/?api=1&query=Authentic%20Siding%20Solutions&query_place_id=ChIJPxDnK6xqZIgRbJHql2yEkDQ
59,Azalea City Roofing & Construction,Owner / Manager,+12292441339,Dallas,Texas,Pending,,Google Maps URL: https://www.google.com/maps/search/?api=1&query=Azalea%20City%20Roofing%20%26%20Construction&query_place_id=ChIJQ8g3cuVm7ogRZle91pVs4x4
60,B.A.L Construction LLC,Owner / Manager,+18327823438,Houston,Texas,Pending,,Google Maps URL: https://www.google.com/maps/search/?api=1&query=B.A.L%20Construction%20LLC&query_place_id=ChIJSW4c7kbDQIYRP_mxGw45ZCU
61,BD Roofing and Contracting,Owner / Manager,+17133210490,Houston,Texas,Pending,,Google Maps URL: https://www.google.com/maps/search/?api=1&query=BD%20Roofing%20and%20Contracting&query_place_id=ChIJdwkYUMyXQIYRFjf8zUaNa4E
62,BFAM Roofing,Owner / Manager,+16154362326,Nashville,Tennessee,Pending,,Google Maps URL: https://www.google.com/maps/search/?api=1&query=BFAM%20Roofing&query_place_id=ChIJy_zz0CVnZIgR_k-zg1k5VnY
63,Bayou City Materials,Owner / Manager,+18329401803,Houston,Texas,Pending,,Google Maps URL: https://www.google.com/maps/search/?api=1&query=Bayou%20City%20Materials&query_place_id=ChIJWaMoG6i7QIYRH7XDZF48a3o
64,Bell Roofing & Solar Providers Houston,Owner / Manager,+18325365618,Houston,Texas,Pending,,Google Maps URL: https://www.google.com/maps/search/?api=1&query=Bell%20Roofing%20%26%20Solar%20Providers%20Houston&query_place_id=ChIJe27BveTHQIYR0eBShB7sOd8
65,Belmontconstruction,Owner / Manager,+16153190222,Nashville,Tennessee,Pending,,Google Maps URL: https://www.google.com/maps/search/?api=1&query=Belmontconstruction&query_place_id=ChIJuRDuSmxuZIgRQA3K8m6IAcc
66,Benson Restoration,Owner / Manager,+19726347147,Texas,USA,Pending,,Google Maps URL: https://www.google.com/maps/search/?api=1&query=Benson%20Restoration&query_place_id=ChIJte8RQ12dziURoUiO_F_lXcc
67,Berny's Roofer,Owner / Manager,+18324198121,Houston,Texas,Pending,,Google Maps URL: https://www.google.com/maps/search/?api=1&query=Berny's%20Roofer&query_place_id=ChIJVRNYStm5QIYRgGo-UZoK_NI
68,Black Label Roof Co,Owner / Manager,+18322639043,Houston,Texas,Pending,,Google Maps URL: https://www.google.com/maps/search/?api=1&query=Black%20Label%20Roof%20Co&query_place_id=ChIJqZRypmadQIYRp4J9AC1ESRE
69,Blackwater Restoration,Owner / Manager,+16157524487,Unknown,USA,Pending,,Google Maps URL: https://www.google.com/maps/search/?api=1&query=Blackwater%20Restoration&query_place_id=ChIJr8TxJkhrgQIRGOx5dmNNU2E
70,Bravo's Roofing and Siding LLC,Owner / Manager,+17132983207,Houston,Texas,Pending,,Google Maps URL: https://www.google.com/maps/search/?api=1&query=Bravo's%20Roofing%20and%20Siding%20LLC&query_place_id=ChIJW-htxYiVQIYRq1IwR6CXmsw
71,Brentwood Overhead Door & Roofing Now,Owner / Manager,+16153984128,Brentwood,Tennessee,Pending,,Google Maps URL: https://www.google.com/maps/search/?api=1&query=Brentwood%20Overhead%20Door%20%26%20Roofing%20Now&query_place_id=ChIJFSqqiut7ZIgRR1smRYMSZJk
72,BrickaraBuildCo,Owner / Manager,+17129913415,Dallas,Texas,Pending,,Google Maps URL: https://www.google.com/maps/search/?api=1&query=BrickaraBuildCo&query_place_id=ChIJcyNuv0OXToYRjLS0LSVnxf0
73,Bryant's Roofing Company,Owner / Manager,+12146175089,Dallas,Texas,Pending,,Google Maps URL: https://www.google.com/maps/search/?api=1&query=Bryant's%20Roofing%20Company&query_place_id=ChIJH0lGnwyZToYRjeMfz3lGzAQ
74,BuildCore Roofing,Owner / Manager,+15182775600,Houston,Texas,Pending,,Google Maps URL: https://www.google.com/maps/search/?api=1&query=BuildCore%20Roofing&query_place_id=ChIJG3RUToLDQIYRl8ccBuLGhKI
75,Builders First Source,Owner / Manager,+16299107755,Nashville,Tennessee,Pending,,Google Maps URL: https://www.google.com/maps/search/?api=1&query=Builders%20First%20Source&query_place_id=ChIJQ2YAsd1oZIgRIZysyQMSSHw
76,Builditect Roofing,Owner / Manager,+12149894814,Dallas,Texas,Pending,,Google Maps URL: https://www.google.com/maps/search/?api=1&query=Builditect%20Roofing&query_place_id=ChIJkaMDpBAhTIYRSqGujTwGpns
77,BuildnovaBuildElite,Owner / Manager,+14474501275,Dallas,Texas,Pending,,Google Maps URL: https://www.google.com/maps/search/?api=1&query=BuildnovaBuildElite&query_place_id=ChIJmcTZ2VaXToYRCXLcyS9PNHQ
78,BuildvoraBuildGroup,Owner / Manager,+18102769654,Dallas,Texas,Pending,,Google Maps URL: https://www.google.com/maps/search/?api=1&query=BuildvoraBuildGroup&query_place_id=ChIJvTrBldSfToYRdEGZ4RBX6Pw
79,BuildvoraEdge Group,Owner / Manager,+19085941735,Dallas,Texas,Pending,,Google Maps URL: https://www.google.com/maps/search/?api=1&query=BuildvoraEdge%20Group&query_place_id=ChIJM5xkSs-hToYRl5xTEJ9i3TI
80,C & B Services,Owner / Manager,+16155949685,Antioch,Tennessee,Pending,,Google Maps URL: https://www.google.com/maps/search/?api=1&query=C%20%26%20B%20Services&query_place_id=ChIJw6z1-2xuZIgRIBMdpqxXuF8
81,C & G Remodeling!,Owner / Manager,+18325810555,Houston,Texas,Pending,,Google Maps URL: https://www.google.com/maps/search/?api=1&query=C%20%26%20G%20Remodeling!&query_place_id=ChIJA_fW4Vb-8IoRunEmNAMvAMw
82,C & H Roofing & Remodeling,Owner / Manager,+12814646444,Houston,Texas,Pending,,Google Maps URL: https://www.google.com/maps/search/?api=1&query=C%20%26%20H%20Roofing%20%26%20Remodeling&query_place_id=ChIJ-UTDSsKZQIYRqTNzr_Q-KgI
83,C & L Contractors,Owner / Manager,+13467057503,Houston,Texas,Pending,,Google Maps URL: https://www.google.com/maps/search/?api=1&query=C%20%26%20L%20Contractors&query_place_id=ChIJOdwST5RQ4WgRtQAFEOz6u2E
84,C W Jones Roofing,Owner / Manager,+16154812153,Nashville,Tennessee,Pending,,Google Maps URL: https://www.google.com/maps/search/?api=1&query=C%20W%20Jones%20Roofing&query_place_id=ChIJq_UTjGFvZIgRBa7IHjbII5s
85,C W Smith Roofing,Owner / Manager,+16152971444,Joelton,Tennessee,Pending,,Google Maps URL: https://www.google.com/maps/search/?api=1&query=C%20W%20Smith%20Roofing&query_place_id=ChIJT9GhoSdZZIgRKF3yo2Ov8rE
86,CB Roofing Consultants,Owner / Manager,+16156567446,Nashville,Tennessee,Pending,,Google Maps URL: https://www.google.com/maps/search/?api=1&query=CB%20Roofing%20Consultants&query_place_id=ChIJpZwF7dtuZIgRZQH2Wxga8Aw
87,CBS Roofing & Exteriors,Owner / Manager,+12147809843,Texas,USA,Pending,,Google Maps URL: https://www.google.com/maps/search/?api=1&query=CBS%20Roofing%20%26%20Exteriors&query_place_id=ChIJT6Ang7qjToYRCjQv0j-3WHY
88,CEI CONTRACTORS,Owner / Manager,+16154996008,Nashville,Tennessee,Pending,,Google Maps URL: https://www.google.com/maps/search/?api=1&query=CEI%20CONTRACTORS&query_place_id=ChIJ6U44kv9uZIgR7QQqydoCNj0
89,CRS Solution,Owner / Manager,+15679968859,Dallas,Texas,Pending,,Google Maps URL: https://www.google.com/maps/search/?api=1&query=CRS%20Solution&query_place_id=ChIJAaaYsGajToYRZS_fJnvy7Vs
90,CV roofing and construction,Owner / Manager,+18325269775,Houston,Texas,Pending,,Google Maps URL: https://www.google.com/maps/search/?api=1&query=CV%20roofing%20and%20construction&query_place_id=ChIJG6bkJ-TPQIYRzH5CFqY3cP4
91,Calahan Fence Staining and Roofing,Owner / Manager,+18177390692,Texas,USA,Pending,,Google Maps URL: https://www.google.com/maps/search/?api=1&query=Calahan%20Fence%20Staining%20and%20Roofing&query_place_id=ChIJq8fUlKuyUAcRahYrUqMJq_Q
92,Campaign Renovation,Owner / Manager,+18327239715,Houston,Texas,Pending,,Google Maps URL: https://www.google.com/maps/search/?api=1&query=Campaign%20Renovation&query_place_id=ChIJncMQAIXtQIYRaLixV6eevVs
93,Capitol Roofing LLC | Roofing middle TN,Owner / Manager,+16154567863,Unknown,USA,Pending,,Google Maps URL: https://www.google.com/maps/search/?api=1&query=Capitol%20Roofing%20LLC%20%7C%20Roofing%20middle%20TN&query_place_id=ChIJ5S5RY58RWosRMQ6VnFY-N5I
94,Carbonite Restoration,Owner / Manager,+18888283334,Dallas,Texas,Pending,,Google Maps URL: https://www.google.com/maps/search/?api=1&query=Carbonite%20Restoration&query_place_id=ChIJAUrO6gkhTIYRSY_m3DAyqVQ
95,Carlos Affordable roofing,Owner / Manager,+12819607761,Houston,Texas,Pending,,Google Maps URL: https://www.google.com/maps/search/?api=1&query=Carlos%20Affordable%20roofing&query_place_id=ChIJpaCDveTJQIYRkHCbA5uflvM
96,Castle Hills Construction Group (Castle Hills Roofing Group),Owner / Manager,+12148468833,Texas,USA,Pending,,Google Maps URL: https://www.google.com/maps/search/?api=1&query=Castle%20Hills%20Construction%20Group%20(Castle%20Hills%20Roofing%20Group)&query_place_id=ChIJ3T5CKDFE2EIRt9TVU2hq1qo
97,Caudillo Roofing and Construction LLC,Owner / Manager,+14693481863,Dallas,Texas,Pending,,Google Maps URL: https://www.google.com/maps/search/?api=1&query=Caudillo%20Roofing%20and%20Construction%20LLC&query_place_id=ChIJg1xocl2XToYRMcUnoxZHm54
98,Cedros construction service,Owner / Manager,+18327015593,Houston,Texas,Pending,,Google Maps URL: https://www.google.com/maps/search/?api=1&query=Cedros%20construction%20service&query_place_id=ChIJh8ox_a_rQIYRCuqi69EyVvg
99,Cepeda Roofing Supply Inc,Owner / Manager,+12816858062,Houston,Texas,Pending,,Google Maps URL: https://www.google.com/maps/search/?api=1&query=Cepeda%20Roofing%20Supply%20Inc&query_place_id=ChIJr3TMSnS5QIYRVfye-7hmXnU
100,Certified Roofing & Gutters,Owner / Manager,+16153609093,Nashville,Tennessee,Pending,,Google Maps URL: https://www.google.com/maps/search/?api=1&query=Certified%20Roofing%20%26%20Gutters&query_place_id=ChIJC0euVrZoZIgRUug9zlTBIVA
101,Champion RocRoofing & Construction,Owner / Manager,+12144630808,Dallas,Texas,Pending,,Google Maps URL: https://www.google.com/maps/search/?api=1&query=Champion%20RocRoofing%20%26%20Construction&query_place_id=ChIJN-IKiWuRToYRivnc0xXCOeY
102,Champs Choice Roofing LLC,Owner / Manager,+14696659236,Texas,USA,Pending,,Google Maps URL: https://www.google.com/maps/search/?api=1&query=Champs%20Choice%20Roofing%20LLC&query_place_id=ChIJ___DOm6aToYRocMhsjF9Srk
103,Channell Group,Owner / Manager,+12146246229,Dallas,Texas,Pending,,Google Maps URL: https://www.google.com/maps/search/?api=1&query=Channell%20Group&query_place_id=ChIJwVtbrp4hTIYR5MyHTsNC9n8
104,ChaveRoofing.A.,Owner / Manager,+18326795305,Houston,Texas,Pending,,Google Maps URL: https://www.google.com/maps/search/?api=1&query=ChaveRoofing.A.&query_place_id=ChIJL4ykh4y5QIYRRuKyj_d2rMQ
105,Chavez Brothers Roof Repair,Owner / Manager,+14699404843,Dallas,Texas,Pending,,Google Maps URL: https://www.google.com/maps/search/?api=1&query=Chavez%20Brothers%20Roof%20Repair&query_place_id=ChIJDc6Emk-RToYRCh_JgOL_bhA
106,Christian Carpenter Construction Incorporated,Owner / Manager,+18326479131,Houston,Texas,Pending,,Google Maps URL: https://www.google.com/maps/search/?api=1&query=Christian%20Carpenter%20Construction%20Incorporated&query_place_id=ChIJWRCKlCnpQIYRD3_zGC1rKaI
107,Chucktown Roofing - Nashville,Owner / Manager,+18434108783,Nashville,Tennessee,Pending,,Google Maps URL: https://www.google.com/maps/search/?api=1&query=Chucktown%20Roofing%20-%20Nashville&query_place_id=ChIJ_Si_GJBnZIgRgeRdyu5AMoI
108,Clutch City Roofing,Owner / Manager,+18324839406,Houston,Texas,Pending,,Google Maps URL: https://www.google.com/maps/search/?api=1&query=Clutch%20City%20Roofing&query_place_id=ChIJX3pSFSS_QIYRa9PNTveaq_8
109,Coburn Restoration,Owner / Manager,+14692566183,Texas,USA,Pending,,Google Maps URL: https://www.google.com/maps/search/?api=1&query=Coburn%20Restoration&query_place_id=ChIJcU6aoUUlMwARlBu6f1cfKwU
110,Coliman Materials,Owner / Manager,+12142427909,Dallas,Texas,Pending,,Google Maps URL: https://www.google.com/maps/search/?api=1&query=Coliman%20Materials&query_place_id=ChIJ9Rc8g2qjToYRGVHW71loCfY
111,Complete Home Repair Service,Owner / Manager,+14692024145,Texas,USA,Pending,,Google Maps URL: https://www.google.com/maps/search/?api=1&query=Complete%20Home%20Repair%20Service&query_place_id=ChIJMZM4dmeXToYRsylddhH1kIs
112,Concept To Construct,Owner / Manager,+13466704433,Houston,Texas,Pending,,Google Maps URL: https://www.google.com/maps/search/?api=1&query=Concept%20To%20Construct&query_place_id=ChIJS0z6iNTmSYkRtIYUJ39Zv84
113,Connected Energy | Tesla Solar Shingle & Power Wall Certified Installer,Owner / Manager,+17134821262,Houston,Texas,Pending,,Google Maps URL: https://www.google.com/maps/search/?api=1&query=Connected%20Energy%20%7C%20Tesla%20Solar%20Shingle%20%26%20Power%20Wall%20Certified%20Installer&query_place_id=ChIJyzKdCHvBQIYR9Wr7IEfSZZE
114,ConstralithBuildPro,Owner / Manager,+18648996008,Dallas,Texas,Pending,,Google Maps URL: https://www.google.com/maps/search/?api=1&query=ConstralithBuildPro&query_place_id=ChIJ-TZXEDGXToYR4SNNbkqHgG0
115,ConstralynBuildWorks,Owner / Manager,+13692244512,Dallas,Texas,Pending,,Google Maps URL: https://www.google.com/maps/search/?api=1&query=ConstralynBuildWorks&query_place_id=ChIJqytPeWiXToYRJxUTJfw8sYc
116,Contreras construction,Owner / Manager,+16152400845,Antioch,Tennessee,Pending,,Google Maps URL: https://www.google.com/maps/search/?api=1&query=Contreras%20construction&query_place_id=ChIJQVrM32RvZIgRCuiCYeer5-4
117,CornerForge Construction,Owner / Manager,+12344536259,Dallas,Texas,Pending,,Google Maps URL: https://www.google.com/maps/search/?api=1&query=CornerForge%20Construction&query_place_id=ChIJPUKlr5mfToYRu8BF6DGjtSk
118,Cornerstone Roofing Services,Owner / Manager,+12816285281,Houston,Texas,Pending,,Google Maps URL: https://www.google.com/maps/search/?api=1&query=Cornerstone%20Roofing%20Services&query_place_id=ChIJF6AuBgC_QIYR1vhSgsj86iA
119,Creative Roofing & Restoration,Owner / Manager,+12817479952,Houston,Texas,Pending,,Google Maps URL: https://www.google.com/maps/search/?api=1&query=Creative%20Roofing%20%26%20Restoration&query_place_id=ChIJuVaLMjvDQIYRxwC5CTNNj_4
120,Curb Appeal Roofing,Owner / Manager,+16156780531,Nashville,Tennessee,Pending,,Google Maps URL: https://www.google.com/maps/search/?api=1&query=Curb%20Appeal%20Roofing&query_place_id=ChIJJ95BAkJpZIgRjMmpJomoBUs
121,DAL roofing and remodeling LLC,Owner / Manager,+12148762399,Texas,USA,Pending,,Google Maps URL: https://www.google.com/maps/search/?api=1&query=DAL%20roofing%20and%20remodeling%20LLC&query_place_id=ChIJ77na9ahp7KsROdYi-zMynGg
122,DAVID'S PAINTING & REMODELING,Owner / Manager,+16156170755,Nashville,Tennessee,Pending,,Google Maps URL: https://www.google.com/maps/search/?api=1&query=DAVID'S%20PAINTING%20%26%20REMODELING&query_place_id=ChIJrRtLxK9vZIgReol6ai2RF6k
123,DDC Construction,Owner / Manager,+18326462353,Houston,Texas,Pending,,Google Maps URL: https://www.google.com/maps/search/?api=1&query=DDC%20Construction&query_place_id=ChIJpU72-xPFQIYRzddOd4ALX3g
124,DDD Construction,Owner / Manager,+12142784300,Dallas,Texas,Pending,,Google Maps URL: https://www.google.com/maps/search/?api=1&query=DDD%20Construction&query_place_id=ChIJ09MEqPQUs4AR91wSBb8mU7Q
125,DFWFIXIT,Owner / Manager,+16823470221,Texas,USA,Pending,,Google Maps URL: https://www.google.com/maps/search/?api=1&query=DFWFIXIT&query_place_id=ChIJx2rdWsLZTYYRWpRgSdJtFIY
126,DG ROOFING SERVICES,Owner / Manager,+17134976641,Houston,Texas,Pending,,Google Maps URL: https://www.google.com/maps/search/?api=1&query=DG%20ROOFING%20SERVICES&query_place_id=ChIJxQrEoja5QIYRai-MbG6po_s
127,DIMENSIONAL SPACES,Owner / Manager,+16154798130,Nashville,Tennessee,Pending,,Google Maps URL: https://www.google.com/maps/search/?api=1&query=DIMENSIONAL%20SPACES&query_place_id=ChIJ365_nNljZIgRDmS_yN7gME8
128,Dallas Roof Repair Now,Owner / Manager,+12149838997,Dallas,Texas,Pending,,Google Maps URL: https://www.google.com/maps/search/?api=1&query=Dallas%20Roof%20Repair%20Now&query_place_id=ChIJY5OuFIOjToYRCLTA5c5IiDE
129,Dallas Water Damage Solutions,Owner / Manager,+14693100720,Dallas,Texas,Pending,,Google Maps URL: https://www.google.com/maps/search/?api=1&query=Dallas%20Water%20Damage%20Solutions&query_place_id=ChIJMz5n9JSZToYRrQ5-c0gIyEg
130,Daniel's Roofing & Gutters,Owner / Manager,+12816745051,Houston,Texas,Pending,,Google Maps URL: https://www.google.com/maps/search/?api=1&query=Daniel's%20Roofing%20%26%20Gutters&query_place_id=ChIJmXWudAC_QIYRvf3BnLayfq0
131,David Alvarez Sheet Metal,Owner / Manager,+17136757141,Houston,Texas,Pending,,Google Maps URL: https://www.google.com/maps/search/?api=1&query=David%20Alvarez%20Sheet%20Metal&query_place_id=ChIJU34M1Qu8QIYRiFXANweM-J8
132,De Linares Roofing,Owner / Manager,+12815133434,Houston,Texas,Pending,,Google Maps URL: https://www.google.com/maps/search/?api=1&query=De%20Linares%20Roofing&query_place_id=ChIJ9yd4Qwg4liIR2xizgqtWn_8
133,"Deleon Quality Construction, Inc.",Owner / Manager,+12812179829,Houston,Texas,Pending,,Google Maps URL: https://www.google.com/maps/search/?api=1&query=Deleon%20Quality%20Construction%2C%20Inc.&query_place_id=ChIJi-uFcv65QIYRSYPzdQC4-IY
134,Design 1 Solar Group Nashville,Owner / Manager,+18447652755,Nashville,Tennessee,Pending,,Google Maps URL: https://www.google.com/maps/search/?api=1&query=Design%201%20Solar%20Group%20Nashville&query_place_id=ChIJSxKCr99hZIgRfhN_Gss44p0
135,Diaz Roofing,Owner / Manager,+16153351213,Nashville,Tennessee,Pending,,Google Maps URL: https://www.google.com/maps/search/?api=1&query=Diaz%20Roofing&query_place_id=ChIJK6VBNn1lZIgREuvNpqdMRyo
136,Diego's Roofing & Gutters,Owner / Manager,+12818058558,Houston,Texas,Pending,,Google Maps URL: https://www.google.com/maps/search/?api=1&query=Diego's%20Roofing%20%26%20Gutters&query_place_id=ChIJlfUxaADHQIYRLQo2JgZnhWg
137,Distinctive Living,Owner / Manager,+12819241947,Houston,Texas,Pending,,Google Maps URL: https://www.google.com/maps/search/?api=1&query=Distinctive%20Living&query_place_id=ChIJVRIVG2PHQIYRRfuLPLzPG58
138,Don Aranjon Roofing,Owner / Manager,+12143719297,Dallas,Texas,Pending,,Google Maps URL: https://www.google.com/maps/search/?api=1&query=Don%20Aranjon%20Roofing&query_place_id=ChIJ6UOUnByYToYRBODeuRTd-b4
139,Dr Roof of Tennessee,Owner / Manager,+16159532953,Nashville,Tennessee,Pending,,Google Maps URL: https://www.google.com/maps/search/?api=1&query=Dr%20Roof%20of%20Tennessee&query_place_id=ChIJ50woy8VrZIgR82GYuFxb5wM
140,Dragon Construction,Owner / Manager,+12818251770,Houston,Texas,Pending,,Google Maps URL: https://www.google.com/maps/search/?api=1&query=Dragon%20Construction&query_place_id=ChIJVY8OJn6xQIYRDQ8faEdv-tg
141,E.A.E Renovations,Owner / Manager,+17138731797,Houston,Texas,Pending,,Google Maps URL: https://www.google.com/maps/search/?api=1&query=E.A.E%20Renovations&query_place_id=ChIJzZTh3aTpQIYR2SEVbPG9cRI
142,"Eagles Roofing and Construction, Inc.",Owner / Manager,+17132929481,Houston,Texas,Pending,,Google Maps URL: https://www.google.com/maps/search/?api=1&query=Eagles%20Roofing%20and%20Construction%2C%20Inc.&query_place_id=ChIJWaj63x6_QIYRDWcwGF-aZYc
143,Eatherly Construction Co,Owner / Manager,+16152445531,Nashville,Tennessee,Pending,,Google Maps URL: https://www.google.com/maps/search/?api=1&query=Eatherly%20Construction%20Co&query_place_id=ChIJIVkSnp9oZIgREM3MZdicn1E
144,Echo Construction LLC,Owner / Manager,+16157502441,Nashville,Tennessee,Pending,,Google Maps URL: https://www.google.com/maps/search/?api=1&query=Echo%20Construction%20LLC&query_place_id=ChIJhTjPYWKJZIgR63IPqdAzJTc
145,Eddie’s Roofing,Owner / Manager,+13466061944,Houston,Texas,Pending,,Google Maps URL: https://www.google.com/maps/search/?api=1&query=Eddie%E2%80%99s%20Roofing&query_place_id=ChIJBezxcCylQIYRmoUGe6bRJ7k
146,Edgar roofing,Owner / Manager,+18329071480,Houston,Texas,Pending,,Google Maps URL: https://www.google.com/maps/search/?api=1&query=Edgar%20roofing&query_place_id=ChIJcUMM5FmjQIYRsjFOuOZwGgY
147,Elevation Roofing Services,Owner / Manager,+12815369255,Houston,Texas,Pending,,Google Maps URL: https://www.google.com/maps/search/?api=1&query=Elevation%20Roofing%20Services&query_place_id=ChIJr7qkbgC_QIYRTIyN_MMarz0
148,Elevation Roofing Services,Owner / Manager,+12816735625,Dallas,Texas,Pending,,Google Maps URL: https://www.google.com/maps/search/?api=1&query=Elevation%20Roofing%20Services&query_place_id=ChIJXVuVVACbToYR4MJx1uAK-yg
149,Emanuel Roofing and Custom Remodeling,Owner / Manager,+12143941517,Texas,USA,Pending,,Google Maps URL: https://www.google.com/maps/search/?api=1&query=Emanuel%20Roofing%20and%20Custom%20Remodeling&query_place_id=ChIJywkm7RG7ToYRojbuiEZ7bug
150,Emergency Roofing Texas,Owner / Manager,+17138207594,Houston,Texas,Pending,,Google Maps URL: https://www.google.com/maps/search/?api=1&query=Emergency%20Roofing%20Texas&query_place_id=ChIJtVlMQtq7QIYRsduXGjZyIRk
151,Emmanuel's Roofing & Gutters,Owner / Manager,+12143823288,Dallas,Texas,Pending,,Google Maps URL: https://www.google.com/maps/search/?api=1&query=Emmanuel's%20Roofing%20%26%20Gutters&query_place_id=ChIJ0StDYwCfToYRCh5sfi9wdt4
152,Energyshield,Owner / Manager,+18326380146,Houston,Texas,Pending,,Google Maps URL: https://www.google.com/maps/search/?api=1&query=Energyshield&query_place_id=ChIJn6lqKXKVQIYRGWVVO4Ofy_A
153,Ernestos roofing y remodeling,Owner / Manager,+18322127775,Houston,Texas,Pending,,Google Maps URL: https://www.google.com/maps/search/?api=1&query=Ernestos%20roofing%20y%20remodeling&query_place_id=ChIJI_4asua5QIYRzFbvrZR85KY
154,Evercrest Roofing Services Ltd,Owner / Manager,+12135704444,Dallas,Texas,Pending,,Google Maps URL: https://www.google.com/maps/search/?api=1&query=Evercrest%20Roofing%20Services%20Ltd&query_place_id=ChIJH-NtZy6XToYR2hlVn98Ll-M
155,Evercycle Roofing,Owner / Manager,+18326731336,Houston,Texas,Pending,,Google Maps URL: https://www.google.com/maps/search/?api=1&query=Evercycle%20Roofing&query_place_id=ChIJMTeFkCx5O2YRQhcwOaRmHEI
156,Everlasting Finishes,Owner / Manager,+19728905430,Texas,USA,Pending,,Google Maps URL: https://www.google.com/maps/search/?api=1&query=Everlasting%20Finishes&query_place_id=ChIJp0MCb_KhToYRxHw066wuW0E
157,Exotic Construction,Owner / Manager,+16159420259,Nashville,Tennessee,Pending,,Google Maps URL: https://www.google.com/maps/search/?api=1&query=Exotic%20Construction&query_place_id=ChIJAQAAAKRoZIgR8rNK9MdMf8M
158,Expert Roofing,Owner / Manager,+18329795238,Houston,Texas,Pending,,Google Maps URL: https://www.google.com/maps/search/?api=1&query=Expert%20Roofing&query_place_id=ChIJIzGRwLcHK4cRBT37rQZ_Ucs
159,Express roofing,Owner / Manager,+16155786238,Goodlettsville,Tennessee,Pending,,Google Maps URL: https://www.google.com/maps/search/?api=1&query=Express%20roofing&query_place_id=ChIJ5dPELXBPZIgRKrb3OgnxasY
160,Exterior Solutions Roofing and Guttering,Owner / Manager,+16156104790,Unknown,USA,Pending,,Google Maps URL: https://www.google.com/maps/search/?api=1&query=Exterior%20Solutions%20Roofing%20and%20Guttering&query_place_id=ChIJ8QvdZAtnZIgRj2ekuYmN3u0
161,FC Roofing & R LLC,Owner / Manager,+18322878733,Houston,Texas,Pending,,Google Maps URL: https://www.google.com/maps/search/?api=1&query=FC%20Roofing%20%26%20R%20LLC&query_place_id=ChIJ3eWVH2a7QIYR6FHP4GOdKG8
162,Fast Roofing.,Owner / Manager,+12149489975,Dallas,Texas,Pending,,Google Maps URL: https://www.google.com/maps/search/?api=1&query=Fast%20Roofing.&query_place_id=ChIJ7W-6hySaToYR-qb2bh9Lpoc
163,"Fast, Reliable Roofing",Owner / Manager,+16159678022,Antioch,Tennessee,Pending,,Google Maps URL: https://www.google.com/maps/search/?api=1&query=Fast%2C%20Reliable%20Roofing&query_place_id=ChIJUd1RfPBtZIgR8u_ahIjCSd8
164,Figueroa´s Remodeling,Owner / Manager,+17132699949,Houston,Texas,Pending,,Google Maps URL: https://www.google.com/maps/search/?api=1&query=Figueroa%C2%B4s%20Remodeling&query_place_id=ChIJh2Zovpa5QIYRz5Kkj5Srj1s
165,First Integrity Roofing,Owner / Manager,+12148992016,Dallas,Texas,Pending,,Google Maps URL: https://www.google.com/maps/search/?api=1&query=First%20Integrity%20Roofing&query_place_id=ChIJC4LwEACfToYR77MP0s1eCek
166,FormatrixBuildCo,Owner / Manager,+12724507798,Dallas,Texas,Pending,,Google Maps URL: https://www.google.com/maps/search/?api=1&query=FormatrixBuildCo&query_place_id=ChIJsaIlFviXToYR3M-MBnUFVdw
167,FramevoraBuildElite,Owner / Manager,+17328489491,Dallas,Texas,Pending,,Google Maps URL: https://www.google.com/maps/search/?api=1&query=FramevoraBuildElite&query_place_id=ChIJw1viuN2XToYRKaAaACPv6Ik
168,FramezoraBuildWorks,Owner / Manager,+17302786206,Dallas,Texas,Pending,,Google Maps URL: https://www.google.com/maps/search/?api=1&query=FramezoraBuildWorks&query_place_id=ChIJe5lvj7iZToYRNyRZpluU4Yg
169,Framing & Siding Construction,Owner / Manager,+17133856321,Houston,Texas,Pending,,Google Maps URL: https://www.google.com/maps/search/?api=1&query=Framing%20%26%20Siding%20Construction&query_place_id=ChIJFdqzSxOxQIYRYywhsiV4KCk
170,Frey Roofing & Construction,Owner / Manager,+13466152485,Houston,Texas,Pending,,Google Maps URL: https://www.google.com/maps/search/?api=1&query=Frey%20Roofing%20%26%20Construction&query_place_id=ChIJ83kevm56K4cR1eN17ooRebw
171,Frontline Roofing,Owner / Manager,+17132546842,Houston,Texas,Pending,,Google Maps URL: https://www.google.com/maps/search/?api=1&query=Frontline%20Roofing&query_place_id=ChIJ6V3qG2THQIYRfESmQbkgmfM
172,Fuentes Hernández services,Owner / Manager,+19727950638,Dallas,Texas,Pending,,Google Maps URL: https://www.google.com/maps/search/?api=1&query=Fuentes%20Hern%C3%A1ndez%20services&query_place_id=ChIJs9ufO1ibToYRHgxZaaFmN7c
173,GOOD FAITH CONSTRUCTION LLC HTX,Owner / Manager,+17132870308,Houston,Texas,Pending,,Google Maps URL: https://www.google.com/maps/search/?api=1&query=GOOD%20FAITH%20CONSTRUCTION%20LLC%20HTX&query_place_id=ChIJVWkqSni9QIYROVOYPR0sGbY
174,GSG roofing interior & exterior,Owner / Manager,+18328764120,Houston,Texas,Pending,,Google Maps URL: https://www.google.com/maps/search/?api=1&query=GSG%20roofing%20interior%20%26%20exterior&query_place_id=ChIJJUXzMhNWKYERgceJcMHHOGw
175,Gabriels Roofing,Owner / Manager,+17134018420,Houston,Texas,Pending,,Google Maps URL: https://www.google.com/maps/search/?api=1&query=Gabriels%20Roofing&query_place_id=ChIJC7i0tAy5QIYRVdYRWVwLA0U
176,Gallos roofing llc,Owner / Manager,+12144990270,Dallas,Texas,Pending,,Google Maps URL: https://www.google.com/maps/search/?api=1&query=Gallos%20roofing%20llc&query_place_id=ChIJp5yttuyjToYR34HMm1WswT8
177,Gardner Roofing,Owner / Manager,+12817092761,Channelview,Texas,Pending,https://www.elevationroofing.com/,Google Maps URL: https://www.google.com/maps/search/?api=1&query=Gardner%20Roofing&query_place_id=ChIJSYFY7EnDQIYR4Ea_aLgkzuY
178,Garza Roofing & Remodeling,Owner / Manager,+12142756666,Dallas,Texas,Pending,,Google Maps URL: https://www.google.com/maps/search/?api=1&query=Garza%20Roofing%20%26%20Remodeling&query_place_id=ChIJtQeTSYmjToYRi7ZirLEs5DU
179,Garza and Son's Roofing,Owner / Manager,+12142519628,Dallas,Texas,Pending,,Google Maps URL: https://www.google.com/maps/search/?api=1&query=Garza%20and%20Son's%20Roofing&query_place_id=ChIJD-g4UI6kToYRI7E4gGP2iBE
180,Gaundencio Carvajal Roofing,Owner / Manager,+12145529987,Texas,USA,Pending,,Google Maps URL: https://www.google.com/maps/search/?api=1&query=Gaundencio%20Carvajal%20Roofing&query_place_id=ChIJuc73ivIVuioRYum9dXuRXBo
181,German HD,Owner / Manager,+16157156863,Unknown,USA,Pending,,Google Maps URL: https://www.google.com/maps/search/?api=1&query=German%20HD&query_place_id=ChIJEcyw_2tvZIgRwtAmnJ1vBtI
182,Gladiator Roofing and More Llc,Owner / Manager,+16157667199,Nashville,Tennessee,Pending,,Google Maps URL: https://www.google.com/maps/search/?api=1&query=Gladiator%20Roofing%20and%20More%20Llc&query_place_id=ChIJ1QNutgRlZIgRRh8EWwZQxX4
183,Golden Brick Construction Group LLC,Owner / Manager,+18323615897,Houston,Texas,Pending,,Google Maps URL: https://www.google.com/maps/search/?api=1&query=Golden%20Brick%20Construction%20Group%20LLC&query_place_id=ChIJQREqP_fGbI0RHT6P0Rj0OZ0
184,Gomez Roofing,Owner / Manager,+12818362403,Houston,Texas,Pending,,Google Maps URL: https://www.google.com/maps/search/?api=1&query=Gomez%20Roofing&query_place_id=ChIJuylEa8G5QIYR93ifUmwStaM
185,Graziano Roofing of Texas Inc,Owner / Manager,+17136869007,Houston,Texas,Pending,,Google Maps URL: https://www.google.com/maps/search/?api=1&query=Graziano%20Roofing%20of%20Texas%20Inc&query_place_id=ChIJCw8cCxXGQIYR1ttaVYx8-M8
186,Green Star Home Remodeling,Owner / Manager,+16152476464,Nashville,Tennessee,Pending,,Google Maps URL: https://www.google.com/maps/search/?api=1&query=Green%20Star%20Home%20Remodeling&query_place_id=ChIJy59eQGVnZIgRKNTIVyk7sT8
187,Griggs Building Materials,Owner / Manager,+17134346121,Houston,Texas,Pending,,Google Maps URL: https://www.google.com/maps/search/?api=1&query=Griggs%20Building%20Materials&query_place_id=ChIJ-YfFfoS9QIYRvDAJJGxt-wI
188,Gulf Coast Roofing,Owner / Manager,+14696899922,Texas,USA,Pending,,Google Maps URL: https://www.google.com/maps/search/?api=1&query=Gulf%20Coast%20Roofing&query_place_id=ChIJFyQ2caQNUikRskxTdyzeYJ4
189,Gulf Coast Roofing Company,Owner / Manager,+12818170029,Houston,Texas,Pending,,Google Maps URL: https://www.google.com/maps/search/?api=1&query=Gulf%20Coast%20Roofing%20Company&query_place_id=ChIJpaI-HaPpQIYRWivK_a6Ce5g
190,Guys,Owner / Manager,+14235229663,Nashville,Tennessee,Pending,,Google Maps URL: https://www.google.com/maps/search/?api=1&query=Guys&query_place_id=ChIJq8015ZNnZIgRocEys-AWDVc
191,Guzman Roofing,Owner / Manager,+18324552845,Houston,Texas,Pending,,Google Maps URL: https://www.google.com/maps/search/?api=1&query=Guzman%20Roofing&query_place_id=ChIJZQG-hSDrQIYR5RFK_nhaB_8
192,H and E Remodeling and Painting Company,Owner / Manager,+19725970291,Texas,USA,Pending,,Google Maps URL: https://www.google.com/maps/search/?api=1&query=H%20and%20E%20Remodeling%20and%20Painting%20Company&query_place_id=ChIJfdlghGuOToYRbQPlmFRwWrw
193,H&H Roofing & Gutters,Owner / Manager,+17134252510,Houston,Texas,Pending,,Google Maps URL: https://www.google.com/maps/search/?api=1&query=H%26H%20Roofing%20%26%20Gutters&query_place_id=ChIJUVoQ49XFQIYRHI79EkAqCKU
194,HENRIQUEZ CONSTRUCTION LLC,Owner / Manager,+17132527002,Houston,Texas,Pending,,Google Maps URL: https://www.google.com/maps/search/?api=1&query=HENRIQUEZ%20CONSTRUCTION%20LLC&query_place_id=ChIJG-llyvongq8RtvwtevUMK00
195,HQ Roofing LLC,Owner / Manager,+18329468366,Houston,Texas,Pending,,Google Maps URL: https://www.google.com/maps/search/?api=1&query=HQ%20Roofing%20LLC&query_place_id=ChIJc9Gs3GmXQIYRb-39y1rRFqQ
196,Hale's Roofing and Construction,Owner / Manager,+12146090841,Texas,USA,Pending,,Google Maps URL: https://www.google.com/maps/search/?api=1&query=Hale's%20Roofing%20and%20Construction&query_place_id=ChIJEX2fZuGtToYRxlEp_q352UA
197,"Handyman, roofing cons",Owner / Manager,+12147383500,Dallas,Texas,Pending,,Google Maps URL: https://www.google.com/maps/search/?api=1&query=Handyman%2C%20roofing%20cons&query_place_id=ChIJ8c_eS_4hTIYReY3TyPA3BPY
198,Hart Roofing,Owner / Manager,+13464860955,Houston,Texas,Pending,,Google Maps URL: https://www.google.com/maps/search/?api=1&query=Hart%20Roofing&query_place_id=ChIJ9VOnUPDmG44Rnki2r4M3PTk
199,Hasling Roofing and Gutters,Owner / Manager,+18555211289,Humble,Texas,Pending,https://www.elevationroofing.com/,Google Maps URL: https://www.google.com/maps/search/?api=1&query=Hasling%20Roofing%20and%20Gutters&query_place_id=ChIJf_gYGQ2xQIYR6tGmT3tRFRM
200,Haynes Construction & Contracting,Owner / Manager,+17137773747,Houston,Texas,Pending,,Google Maps URL: https://www.google.com/maps/search/?api=1&query=Haynes%20Construction%20%26%20Contracting&query_place_id=ChIJA2JxQMnpQIYR5DrEuRaDPw8
201,Headz Up Roofing & Construction,Owner / Manager,+19452846862,Texas,USA,Pending,,Google Maps URL: https://www.google.com/maps/search/?api=1&query=Headz%20Up%20Roofing%20%26%20Construction&query_place_id=ChIJ0bR_TObi0YwR_LTPjM6ZyI4
202,Heritage Roofing Services,Owner / Manager,+12815369267,Houston,Texas,Pending,,Google Maps URL: https://www.google.com/maps/search/?api=1&query=Heritage%20Roofing%20Services&query_place_id=ChIJ9eZoOQC_QIYRZfZPDSyVtVY
203,Hernandez Roofing,Owner / Manager,+18329975214,Houston,Texas,Pending,,Google Maps URL: https://www.google.com/maps/search/?api=1&query=Hernandez%20Roofing&query_place_id=ChIJJywii47pQIYR1TgaMQ9RJpU
204,Hill Commercial Roofing,Owner / Manager,+17135535494,Houston,Texas,Pending,,Google Maps URL: https://www.google.com/maps/search/?api=1&query=Hill%20Commercial%20Roofing&query_place_id=ChIJSdYFJf3dQIYRn2TlYYvAp5I
205,Hockley Roofing Services,Owner / Manager,+18327730979,Houston,Texas,Pending,,Google Maps URL: https://www.google.com/maps/search/?api=1&query=Hockley%20Roofing%20Services&query_place_id=ChIJZw8T2hktQYYRBwGTXW4yj_E
206,Home Improvement & Home Services LLC,Owner / Manager,+16154854472,Joelton,Tennessee,Pending,,Google Maps URL: https://www.google.com/maps/search/?api=1&query=Home%20Improvement%20%26%20Home%20Services%20LLC&query_place_id=ChIJPf8AuKxZZIgRWUS1AbGAoA8
207,Horizon Roofing Group,Owner / Manager,+18329109513,Houston,Texas,Pending,,Google Maps URL: https://www.google.com/maps/search/?api=1&query=Horizon%20Roofing%20Group&query_place_id=ChIJjRgjiBjHQIYRarjXckSkQEI
208,Houston RoofUS Pros,Owner / Manager,+17135387423,Houston,Texas,Pending,,Google Maps URL: https://www.google.com/maps/search/?api=1&query=Houston%20RoofUS%20Pros&query_place_id=ChIJOyy-OQDDQIYRonlWeW2I9MA
209,Houston Water Emergency Restoration,Owner / Manager,+12543274369,Houston,Texas,Pending,,Google Maps URL: https://www.google.com/maps/search/?api=1&query=Houston%20Water%20Emergency%20Restoration&query_place_id=ChIJt-FEfD6xcqERmJQbYweEmIA
210,Hout Home Repair,Owner / Manager,+12143821987,Texas,USA,Pending,,Google Maps URL: https://www.google.com/maps/search/?api=1&query=Hout%20Home%20Repair&query_place_id=ChIJtXQwD9ORToYRWZw8RcIYJYo
211,INVigorate Roofing,Owner / Manager,+12147929848,Dallas,Texas,Pending,,Google Maps URL: https://www.google.com/maps/search/?api=1&query=INVigorate%20Roofing&query_place_id=ChIJezlfu2WZToYR-cA1Giv0rrw
212,IPS roofing,Owner / Manager,+12626645729,Unknown,USA,Pending,,Google Maps URL: https://www.google.com/maps/search/?api=1&query=IPS%20roofing&query_place_id=ChIJzctuP81rxWwRQ5qdm2lcXKw
213,Ibarra Roofing,Owner / Manager,+17139335951,Houston,Texas,Pending,,Google Maps URL: https://www.google.com/maps/search/?api=1&query=Ibarra%20Roofing&query_place_id=ChIJD1b5awCkQIYRhThom47kofo
214,Ibarra’s Roofing,Owner / Manager,+18328472508,Houston,Texas,Pending,,Google Maps URL: https://www.google.com/maps/search/?api=1&query=Ibarra%E2%80%99s%20Roofing&query_place_id=ChIJEWcoPXLrQIYRB3x7kIPXyRw
215,Indus Roofing & Construction,Owner / Manager,+13465009800,Houston,Texas,Pending,,Google Maps URL: https://www.google.com/maps/search/?api=1&query=Indus%20Roofing%20%26%20Construction&query_place_id=ChIJ5aexANe9QIYRDdUjQd2Rf3Q
216,Installation Group,Owner / Manager,+16158748620,Nashville,Tennessee,Pending,,Google Maps URL: https://www.google.com/maps/search/?api=1&query=Installation%20Group&query_place_id=ChIJI3GL05JoZIgR8irgVoghHqU
217,IronSky Solutions LLC,Owner / Manager,+12147635664,Texas,USA,Pending,,Google Maps URL: https://www.google.com/maps/search/?api=1&query=IronSky%20Solutions%20LLC&query_place_id=ChIJP-MmH5iaOS8RAKqELTX3E2s
218,J Gonzales Roofing end construction LLc,Owner / Manager,+12146756697,Dallas,Texas,Pending,,Google Maps URL: https://www.google.com/maps/search/?api=1&query=J%20Gonzales%20Roofing%20end%20construction%20LLc&query_place_id=ChIJZUNGBy-XToYRJhtxDY7BZg8
219,J&K ROOFING,Owner / Manager,+16154735878,Unknown,USA,Pending,,Google Maps URL: https://www.google.com/maps/search/?api=1&query=J%26K%20ROOFING&query_place_id=ChIJ4xxDxKngxa4R92RNqRDWTyI
220,JJ Roofing & Restoration,Owner / Manager,+19702224940,Nashville,Tennessee,Pending,,Google Maps URL: https://www.google.com/maps/search/?api=1&query=JJ%20Roofing%20%26%20Restoration&query_place_id=ChIJ9TSKX9tjZIgRB1ASd2ucMLg
221,JJ's Roofing And Masonry,Owner / Manager,+16158568081,Nashville,Tennessee,Pending,,Google Maps URL: https://www.google.com/maps/search/?api=1&query=JJ's%20Roofing%20And%20Masonry&query_place_id=ChIJnRUo3q1mZIgRG4GExfWPRUc
222,JM Roofing,Owner / Manager,+17135303977,Houston,Texas,Pending,,Google Maps URL: https://www.google.com/maps/search/?api=1&query=JM%20Roofing&query_place_id=ChIJV6idjK8EsU4RwF8DXT8l0u8
223,JR Installations,Owner / Manager,+16157472654,Brentwood,Tennessee,Pending,,Google Maps URL: https://www.google.com/maps/search/?api=1&query=JR%20Installations&query_place_id=ChIJneN8rx9DZIgRqh0_XRz4PUI
224,JRC CONSTRUCTION LLC,Owner / Manager,+16155895637,Unknown,USA,Pending,,Google Maps URL: https://www.google.com/maps/search/?api=1&query=JRC%20CONSTRUCTION%20LLC&query_place_id=ChIJbZDF9F1rfa0RblbrC5hd_og
225,Jackson Roofing,Owner / Manager,+12145315173,Texas,USA,Pending,,Google Maps URL: https://www.google.com/maps/search/?api=1&query=Jackson%20Roofing&query_place_id=ChIJpQHy13-9ToYR9Lc7XP3pCP0
226,Jaguar Roofing,Owner / Manager,+18329517070,Houston,Texas,Pending,,Google Maps URL: https://www.google.com/maps/search/?api=1&query=Jaguar%20Roofing&query_place_id=ChIJs1jlzSfrQIYRWyUj2eHMcLc
227,James Fisher Strong Roofing Supply,Owner / Manager,+14453300011,Houston,Texas,Pending,,Google Maps URL: https://www.google.com/maps/search/?api=1&query=James%20Fisher%20Strong%20Roofing%20Supply&query_place_id=ChIJ0wyorgO7QIYRBTU0_lZTzQY
228,"Jay-Co Enterprises, LLC",Owner / Manager,+17137384525,Houston,Texas,Pending,,Google Maps URL: https://www.google.com/maps/search/?api=1&query=Jay-Co%20Enterprises%2C%20LLC&query_place_id=ChIJMXbiEbW5QIYREy2-20q8L1s
229,John 3:16 Contractors LLC,Owner / Manager,+18177142305,Texas,USA,Pending,,Google Maps URL: https://www.google.com/maps/search/?api=1&query=John%203%3A16%20Contractors%20LLC&query_place_id=ChIJLXjCm3OcpgQRtzytQslKlAc
230,John Damoda Roofing,Owner / Manager,+19726378323,Dallas,Texas,Pending,,Google Maps URL: https://www.google.com/maps/search/?api=1&query=John%20Damoda%20Roofing&query_place_id=ChIJZzIUpmujToYRa2J24gR-1D8
231,Josh Roofing Nashville,Owner / Manager,+18886681581,Nashville,Tennessee,Pending,,Google Maps URL: https://www.google.com/maps/search/?api=1&query=Josh%20Roofing%20Nashville&query_place_id=ChIJPZBAHklBZIgRelBjmbSjt-s
232,Kellogg Roofing & Construction Llc,Owner / Manager,+16152084224,Nashville,Tennessee,Pending,,Google Maps URL: https://www.google.com/maps/search/?api=1&query=Kellogg%20Roofing%20%26%20Construction%20Llc&query_place_id=ChIJVVVVlVVmZIgRzmw9PaBP3g8
233,Kennebrew & Britton Development Group L.L.C,Owner / Manager,+18327841657,Houston,Texas,Pending,,Google Maps URL: https://www.google.com/maps/search/?api=1&query=Kennebrew%20%26%20Britton%20Development%20Group%20L.L.C&query_place_id=ChIJy-YP1UvBQIYRfkANquk8-CA
234,Kessler Roofing and Construction,Owner / Manager,+14699513282,Texas,USA,Pending,,Google Maps URL: https://www.google.com/maps/search/?api=1&query=Kessler%20Roofing%20and%20Construction&query_place_id=ChIJOXd-BSNqlgIRN7aQ3J75tvo
235,King cobra Roofing,Owner / Manager,+18322139042,Houston,Texas,Pending,,Google Maps URL: https://www.google.com/maps/search/?api=1&query=King%20cobra%20Roofing&query_place_id=ChIJX-wzpFrDQIYRfcxmdxk-fmk
236,Kingdom Builders,Owner / Manager,+18325030598,Houston,Texas,Pending,,Google Maps URL: https://www.google.com/maps/search/?api=1&query=Kingdom%20Builders&query_place_id=ChIJcfLsjSXHQIYR-s-keynq_lk
237,LLA Roofing,Owner / Manager,+19362497612,Houston,Texas,Pending,,Google Maps URL: https://www.google.com/maps/search/?api=1&query=LLA%20Roofing&query_place_id=ChIJ0VMHYo16D0kR4YbkZjhcWps
238,LNE Construction LLC,Owner / Manager,+17138591572,Houston,Texas,Pending,,Google Maps URL: https://www.google.com/maps/search/?api=1&query=LNE%20Construction%20LLC&query_place_id=ChIJJxz3xpQgL4cR5KBZ6YhfnPQ
239,LOPEZ ROOFING RESTORATION,Owner / Manager,+18328863651,Houston,Texas,Pending,,Google Maps URL: https://www.google.com/maps/search/?api=1&query=LOPEZ%20ROOFING%20RESTORATION&query_place_id=ChIJkb8wTQCXQIYRglSdkm9g-Y8
240,LSCG,Owner / Manager,+14695712003,Dallas,Texas,Pending,,Google Maps URL: https://www.google.com/maps/search/?api=1&query=LSCG&query_place_id=ChIJvZhi_j2ZToYRIObFIHKOTEU
241,LSR EXPERTS,Owner / Manager,+18322829504,Houston,Texas,Pending,,Google Maps URL: https://www.google.com/maps/search/?api=1&query=LSR%20EXPERTS&query_place_id=ChIJ-ZOWMkfJQIYRAaL2PhHwFgQ
242,LUMARK Roofing and Construction LLC,Owner / Manager,+18327180145,Houston,Texas,Pending,,Google Maps URL: https://www.google.com/maps/search/?api=1&query=LUMARK%20Roofing%20and%20Construction%20LLC&query_place_id=ChIJMS9UbOfJfGERDMaWXi-HgXE
243,Liberty Builders,Owner / Manager,+17135329600,Houston,Texas,Pending,,Google Maps URL: https://www.google.com/maps/search/?api=1&query=Liberty%20Builders&query_place_id=ChIJ9QgM622XQIYRll6HI31-lxE
244,Llera roofing,Owner / Manager,+12147662941,Dallas,Texas,Pending,,Google Maps URL: https://www.google.com/maps/search/?api=1&query=Llera%20roofing&query_place_id=ChIJvfNWu62jToYRyjemWDzj8cI
245,Longhorn Building Material,Owner / Manager,+17132246660,Houston,Texas,Pending,,Google Maps URL: https://www.google.com/maps/search/?api=1&query=Longhorn%20Building%20Material&query_place_id=ChIJy_6HFMa5QIYRZRp7KxQzNjM
246,Longhorn Restoration,Owner / Manager,+12148946216,Texas,USA,Pending,,Google Maps URL: https://www.google.com/maps/search/?api=1&query=Longhorn%20Restoration&query_place_id=ChIJx9tlwLf9JSYR6jDz_C086z4
247,Lucy's Roofers,Owner / Manager,+12815093345,Houston,Texas,Pending,,Google Maps URL: https://www.google.com/maps/search/?api=1&query=Lucy's%20Roofers&query_place_id=ChIJJwb627HJQIYRjPSsNoKSLy8
248,López roofing and more...,Owner / Manager,+13467751159,Houston,Texas,Pending,,Google Maps URL: https://www.google.com/maps/search/?api=1&query=L%C3%B3pez%20roofing%20and%20more...&query_place_id=ChIJ5dvqgBa_QIYRRu8dTJCrCAc
249,M&M Remodeling,Owner / Manager,+14697610074,Texas,USA,Pending,,Google Maps URL: https://www.google.com/maps/search/?api=1&query=M%26M%20Remodeling&query_place_id=ChIJGWGxbV-lToYRbFv2zWUFTvw
250,M&O contracting service corp,Owner / Manager,+18328779652,Houston,Texas,Pending,,Google Maps URL: https://www.google.com/maps/search/?api=1&query=M%26O%20contracting%20service%20corp&query_place_id=ChIJp8zBh_S5QIYR3bfAQzZWLo0
251,M.A.A. ROOFING LLC,Owner / Manager,+16154841476,Unknown,USA,Pending,,Google Maps URL: https://www.google.com/maps/search/?api=1&query=M.A.A.%20ROOFING%20LLC&query_place_id=ChIJh6iCN3lq1QIRm-aku2UoTY0
252,M.C. Roofing & Remodeling,Owner / Manager,+18325525009,Houston,Texas,Pending,,Google Maps URL: https://www.google.com/maps/search/?api=1&query=M.C.%20Roofing%20%26%20Remodeling&query_place_id=ChIJ1YUJUDbXRicR4g6XHMjKqRI
253,M31 Roofing & Remodeling,Owner / Manager,+18174485484,Texas,USA,Pending,,Google Maps URL: https://www.google.com/maps/search/?api=1&query=M31%20Roofing%20%26%20Remodeling&query_place_id=ChIJnzraB1Tzl4wRRLKY5MHiqaM
254,MPJ Roofing and Remodeling LLC,Owner / Manager,+18327718764,Houston,Texas,Pending,,Google Maps URL: https://www.google.com/maps/search/?api=1&query=MPJ%20Roofing%20and%20Remodeling%20LLC&query_place_id=ChIJ26r67_7HQIYRlWYXPwzyoWQ
255,"MR. Painting of Nashville, LLC",Owner / Manager,+16159553068,Unknown,USA,Pending,,Google Maps URL: https://www.google.com/maps/search/?api=1&query=MR.%20Painting%20of%20Nashville%2C%20LLC&query_place_id=ChIJZwZWnnNtZIgRixZuU_8iSU0
256,MS Painting and Repair Company Inc.,Owner / Manager,+12143736484,Dallas,Texas,Pending,,Google Maps URL: https://www.google.com/maps/search/?api=1&query=MS%20Painting%20and%20Repair%20Company%20Inc.&query_place_id=ChIJO4ZJZBIgTIYRH9ln_v8FIzk
257,Magnolia Developments,Owner / Manager,+18777880222,Houston,Texas,Pending,,Google Maps URL: https://www.google.com/maps/search/?api=1&query=Magnolia%20Developments&query_place_id=ChIJAcRWcw3DQIYRpkcMz_t1Lec
258,Major League Roofing,Owner / Manager,+17132590474,Houston,Texas,Pending,,Google Maps URL: https://www.google.com/maps/search/?api=1&query=Major%20League%20Roofing&query_place_id=ChIJ24nNOku5QIYRl1kb_IwN38M
259,Marcos Roofing & Construction,Owner / Manager,+14698102630,Texas,USA,Pending,,Google Maps URL: https://www.google.com/maps/search/?api=1&query=Marcos%20Roofing%20%26%20Construction&query_place_id=ChIJj067E3TLaYYR47IjWKBRkmk
260,Martin Family LLC,Owner / Manager,+19362793500,Houston,Texas,Pending,,Google Maps URL: https://www.google.com/maps/search/?api=1&query=Martin%20Family%20LLC&query_place_id=ChIJAVOTJTSVQIYRfIBJ7VAqGjM
261,MasterCraft Roofing,Owner / Manager,+17133370915,Houston,Texas,Pending,,Google Maps URL: https://www.google.com/maps/search/?api=1&query=MasterCraft%20Roofing&query_place_id=ChIJAa5xG9C9QIYR3LoblyADa1c
262,Masters League Roofing LLC,Owner / Manager,+12816697214,Houston,Texas,Pending,,Google Maps URL: https://www.google.com/maps/search/?api=1&query=Masters%20League%20Roofing%20LLC&query_place_id=ChIJ4TJ904-Tm64RiTvyi_PEEyM
263,Matias's Roofing & Gutters,Owner / Manager,+12816063111,Houston,Texas,Pending,,Google Maps URL: https://www.google.com/maps/search/?api=1&query=Matias's%20Roofing%20%26%20Gutters&query_place_id=ChIJbwaxNgDDQIYRSskd34zhcPY
264,Maverick Exteriors,Owner / Manager,+17132448845,Houston,Texas,Pending,,Google Maps URL: https://www.google.com/maps/search/?api=1&query=Maverick%20Exteriors&query_place_id=ChIJcZNm0RPFQIYRX2aYl4OM_F0
265,Max Roofing Nashville,Owner / Manager,+15024689817,Unknown,USA,Pending,,Google Maps URL: https://www.google.com/maps/search/?api=1&query=Max%20Roofing%20Nashville&query_place_id=ChIJHVxn5x1nZIgRBRFGpLkV17M
266,Mc contracting LLC,Owner / Manager,+14697747809,Dallas,Texas,Pending,,Google Maps URL: https://www.google.com/maps/search/?api=1&query=Mc%20contracting%20LLC&query_place_id=ChIJCTzesUqjToYRm4g7_0gD0xw
267,Medearis Sheet Metal & Roofing,Owner / Manager,+17136597830,Houston,Texas,Pending,,Google Maps URL: https://www.google.com/maps/search/?api=1&query=Medearis%20Sheet%20Metal%20%26%20Roofing&query_place_id=ChIJF5z7ahG_QIYR-yMqJtdycNQ
268,Mejia Remodeling,Owner / Manager,+17138821891,Houston,Texas,Pending,,Google Maps URL: https://www.google.com/maps/search/?api=1&query=Mejia%20Remodeling&query_place_id=ChIJAR6jzR_DQIYR9n8snaJAPV8
269,Mendez Renovations,Owner / Manager,+18328930423,Houston,Texas,Pending,,Google Maps URL: https://www.google.com/maps/search/?api=1&query=Mendez%20Renovations&query_place_id=ChIJQ3EmDmzDQIYRAO65AaTXNq0
270,Metal Specialties,Owner / Manager,+17136950000,Houston,Texas,Pending,,Google Maps URL: https://www.google.com/maps/search/?api=1&query=Metal%20Specialties&query_place_id=ChIJIU6Gi0G4QIYRIxcIC78IN_4
271,Metalfab of Houston,Owner / Manager,+12819742147,Houston,Texas,Pending,,Google Maps URL: https://www.google.com/maps/search/?api=1&query=Metalfab%20of%20Houston&query_place_id=ChIJUcIudn2-QIYRFjneehMnkRk
272,Metro Roofing Co,Owner / Manager,+16153665037,Nashville,Tennessee,Pending,,Google Maps URL: https://www.google.com/maps/search/?api=1&query=Metro%20Roofing%20Co&query_place_id=ChIJGy8bWzJvZIgRZRzlu_z3uAQ
273,Metroplex Roofing and Remodeling-MRR,Owner / Manager,+12149943408,Dallas,Texas,Pending,,Google Maps URL: https://www.google.com/maps/search/?api=1&query=Metroplex%20Roofing%20and%20Remodeling-MRR&query_place_id=ChIJ92Q8dcSeToYRl5Q0yj3XZA4
274,Mi Casa Remodeling,Owner / Manager,+12148154596,Texas,USA,Pending,,Google Maps URL: https://www.google.com/maps/search/?api=1&query=Mi%20Casa%20Remodeling&query_place_id=ChIJE23vDcWQToYRTVTnYNfyPRo
275,Milo-Gray Roofing,Owner / Manager,+16292439670,Unknown,USA,Pending,,Google Maps URL: https://www.google.com/maps/search/?api=1&query=Milo-Gray%20Roofing&query_place_id=ChIJGdcc2Bc4oEkRGi-HoPEFUKQ
276,Montana Restoration Group,Owner / Manager,+14696638465,Dallas,Texas,Pending,,Google Maps URL: https://www.google.com/maps/search/?api=1&query=Montana%20Restoration%20Group&query_place_id=ChIJ76Cf9Ula54YRgNDzuHfSkIs
277,Mountain Guard Roofing Supply,Owner / Manager,+16014809713,Houston,Texas,Pending,,Google Maps URL: https://www.google.com/maps/search/?api=1&query=Mountain%20Guard%20Roofing%20Supply&query_place_id=ChIJawwo62HHQIYRMM_Fi7PUNV8
278,Multiple services,Owner / Manager,+14696013784,Dallas,Texas,Pending,,Google Maps URL: https://www.google.com/maps/search/?api=1&query=Multiple%20services&query_place_id=ChIJsbfWmpWbToYR8oIM5QzpYgs
279,Multitech,Owner / Manager,+17134245910,Houston,Texas,Pending,,Google Maps URL: https://www.google.com/maps/search/?api=1&query=Multitech&query_place_id=ChIJW4idOxOK9msR4ENYI1v6rHc
280,Musgrove Construction LLC,Owner / Manager,+16154148466,Unknown,USA,Pending,,Google Maps URL: https://www.google.com/maps/search/?api=1&query=Musgrove%20Construction%20LLC&query_place_id=ChIJ__y0PhZDZIgRcKU_vQumwV4
281,My Roofing Advocate Nashville,Owner / Manager,+16155903200,Unknown,USA,Pending,,Google Maps URL: https://www.google.com/maps/search/?api=1&query=My%20Roofing%20Advocate%20Nashville&query_place_id=ChIJ519ryGJnZIgRYRNxbmkVXis
282,Myers & Myers General Contractors LLC,Owner / Manager,+13463256511,Houston,Texas,Pending,,Google Maps URL: https://www.google.com/maps/search/?api=1&query=Myers%20%26%20Myers%20General%20Contractors%20LLC&query_place_id=ChIJhadlVPG5QIYR0FIntMbo4_E
283,Myriad Roofing & Construction LLC,Owner / Manager,+12144179144,Dallas,Texas,Pending,,Google Maps URL: https://www.google.com/maps/search/?api=1&query=Myriad%20Roofing%20%26%20Construction%20LLC&query_place_id=ChIJVVUVVyUhTIYRYsA3gtFhiIU
284,NJ Roofing Inc,Owner / Manager,+14698552246,Dallas,Texas,Pending,,Google Maps URL: https://www.google.com/maps/search/?api=1&query=NJ%20Roofing%20Inc&query_place_id=ChIJtTQfpbCXToYRu2NkC9fbLSM
285,Nabors Roofing,Owner / Manager,+19727717578,Texas,USA,Pending,,Google Maps URL: https://www.google.com/maps/search/?api=1&query=Nabors%20Roofing&query_place_id=ChIJjbaut-uYToYRZV1LEN_mKy4
286,Nashville Heating & Air Conditioning,Owner / Manager,+16152192879,Nashville,Tennessee,Pending,,Google Maps URL: https://www.google.com/maps/search/?api=1&query=Nashville%20Heating%20%26%20Air%20Conditioning&query_place_id=ChIJq6rqhVZvZIgR9iiNFh1OQl0
287,Nashville Roof Sevices,Owner / Manager,+16158926200,Unknown,USA,Pending,,Google Maps URL: https://www.google.com/maps/search/?api=1&query=Nashville%20Roof%20Sevices&query_place_id=ChIJx_VuR3ANZIgRXavg8Ufybh0
288,Nashville Roofing Company Pro,Owner / Manager,+16156691548,Hermitage,Tennessee,Pending,,Google Maps URL: https://www.google.com/maps/search/?api=1&query=Nashville%20Roofing%20Company%20Pro&query_place_id=ChIJ-_dRANwVZIgR5zPaKllmmRs
289,Nashville Roofing Contractors & Repair Pros,Owner / Manager,+16156989719,Nashville,Tennessee,Pending,,Google Maps URL: https://www.google.com/maps/search/?api=1&query=Nashville%20Roofing%20Contractors%20%26%20Repair%20Pros&query_place_id=ChIJ9Zd6g2BnZIgRyJjGxn4qCQE
290,Nashville Roofing Experts,Owner / Manager,+18884125535,Nashville,Tennessee,Pending,,Google Maps URL: https://www.google.com/maps/search/?api=1&query=Nashville%20Roofing%20Experts&query_place_id=ChIJfUzX3SdnZIgRbzlF8lDUb1s
291,Nashville Roofing Pros,Owner / Manager,+16158806200,Unknown,USA,Pending,,Google Maps URL: https://www.google.com/maps/search/?api=1&query=Nashville%20Roofing%20Pros&query_place_id=ChIJo5Rub7NnZIgRvwt3SPijQxQ
292,Nashville Roofing Services,Owner / Manager,+14235126201,Nashville,Tennessee,Pending,,Google Maps URL: https://www.google.com/maps/search/?api=1&query=Nashville%20Roofing%20Services&query_place_id=ChIJUUnZwj8rXIgRv7Dkxnx7D_I
293,Nashville Roofing Specialist,Owner / Manager,+16155896185,Unknown,USA,Pending,,Google Maps URL: https://www.google.com/maps/search/?api=1&query=Nashville%20Roofing%20Specialist&query_place_id=ChIJw7tfuApfZIgREMHstRPm3D4
294,Nationwide Slate Clay Tile,Owner / Manager,+12148870550,Dallas,Texas,Pending,,Google Maps URL: https://www.google.com/maps/search/?api=1&query=Nationwide%20Slate%20Clay%20Tile&query_place_id=ChIJz0LqcDObToYRxYBO5qpmVBM
295,Neko,Owner / Manager,+13466994343,Houston,Texas,Pending,,Google Maps URL: https://www.google.com/maps/search/?api=1&query=Neko&query_place_id=ChIJsdWN5nXHQIYR7MwhYoQS1r0
296,New Peak Roofing,Owner / Manager,+12144442424,Texas,USA,Pending,,Google Maps URL: https://www.google.com/maps/search/?api=1&query=New%20Peak%20Roofing&query_place_id=ChIJuVkAXkvXaWIRAx5wLXi65vQ
297,NewPort Roofing & Building,Owner / Manager,+19126403245,Dallas,Texas,Pending,,Google Maps URL: https://www.google.com/maps/search/?api=1&query=NewPort%20Roofing%20%26%20Building&query_place_id=ChIJYRvN91-jToYRWut7j66L2os
298,NexformaBuildCore,Owner / Manager,+17148120657,Dallas,Texas,Pending,,Google Maps URL: https://www.google.com/maps/search/?api=1&query=NexformaBuildCore&query_place_id=ChIJvbznugCXToYR3f2ZIHh0nbw
299,Nexlith Construction,Owner / Manager,+14093074483,Dallas,Texas,Pending,,Google Maps URL: https://www.google.com/maps/search/?api=1&query=Nexlith%20Construction&query_place_id=ChIJf8AohfIhTIYRuSClup-zy20
300,NexoraBuildWorks,Owner / Manager,+12272797546,Dallas,Texas,Pending,,Google Maps URL: https://www.google.com/maps/search/?api=1&query=NexoraBuildWorks&query_place_id=ChIJnSwuBtuhToYR9iQkSeTpqm8
301,NexoraConstructCo,Owner / Manager,+13162039234,Dallas,Texas,Pending,,Google Maps URL: https://www.google.com/maps/search/?api=1&query=NexoraConstructCo&query_place_id=ChIJxTtUB_-fToYRkqeDHXcjEa4
302,Nexvanta Construction,Owner / Manager,+12272745183,Dallas,Texas,Pending,,Google Maps URL: https://www.google.com/maps/search/?api=1&query=Nexvanta%20Construction&query_place_id=ChIJF1WUL_6hToYRoX-uocQTvyA
303,Nordling Hardware LLC Roofing Supply,Owner / Manager,+18325767449,Houston,Texas,Pending,,Google Maps URL: https://www.google.com/maps/search/?api=1&query=Nordling%20Hardware%20LLC%20Roofing%20Supply&query_place_id=ChIJpReobIi5QIYReYRbd8PoGvg
304,North Point Roof Systems,Owner / Manager,+19128721324,Houston,Texas,Pending,,Google Maps URL: https://www.google.com/maps/search/?api=1&query=North%20Point%20Roof%20Systems&query_place_id=ChIJX8XUnymVQIYRUu9OiHgQ6yY
305,Nunez Fence and Roof Services,Owner / Manager,+12143357022,Texas,USA,Pending,,Google Maps URL: https://www.google.com/maps/search/?api=1&query=Nunez%20Fence%20and%20Roof%20Services&query_place_id=ChIJ5X4w3SCjToYR-PdG-1mGTN4
306,OGS Restoration,Owner / Manager,+19452067134,Texas,USA,Pending,,Google Maps URL: https://www.google.com/maps/search/?api=1&query=OGS%20Restoration&query_place_id=ChIJNU6G0abcZa8RSJVOjlP-mN4
307,ORTIZ ROOFING AND CONSTRUCTION LLC,Owner / Manager,+12149629231,Dallas,Texas,Pending,,Google Maps URL: https://www.google.com/maps/search/?api=1&query=ORTIZ%20ROOFING%20AND%20CONSTRUCTION%20LLC&query_place_id=ChIJuz60-RkgTIYR2xIupFCmjTU
308,Ochoas Roofing Supply LLC,Owner / Manager,+18325230092,Houston,Texas,Pending,,Google Maps URL: https://www.google.com/maps/search/?api=1&query=Ochoas%20Roofing%20Supply%20LLC&query_place_id=ChIJmTlGrIC_QIYRm9zt_aYA0_o
309,Omega Construction Company,Owner / Manager,+17132022857,Houston,Texas,Pending,,Google Maps URL: https://www.google.com/maps/search/?api=1&query=Omega%20Construction%20Company&query_place_id=ChIJh2mrBQm8QIYRJ9PE3tJvj6Q
310,Onsite Construction Services,Owner / Manager,+12819072808,Houston,Texas,Pending,,Google Maps URL: https://www.google.com/maps/search/?api=1&query=Onsite%20Construction%20Services&query_place_id=ChIJy3bsEBAxR4YRere7E3kwi-c
311,Originalroofingservice,Owner / Manager,+16154271623,Antioch,Tennessee,Pending,,Google Maps URL: https://www.google.com/maps/search/?api=1&query=Originalroofingservice&query_place_id=ChIJL1cvgipvZIgRK2SIklkyDdA
312,Our Own Place,Owner / Manager,+14696642455,Dallas,Texas,Pending,,Google Maps URL: https://www.google.com/maps/search/?api=1&query=Our%20Own%20Place&query_place_id=ChIJWdjA2hO9ToYRagbcPoeoGzY
313,P2MG,Owner / Manager,+17136867764,Houston,Texas,Pending,,Google Maps URL: https://www.google.com/maps/search/?api=1&query=P2MG&query_place_id=ChIJI_g-MuzFQIYRRYuz1NvpFS0
314,Par 5 Roofing and Construction,Owner / Manager,+18447273483,Houston,Texas,Pending,,Google Maps URL: https://www.google.com/maps/search/?api=1&query=Par%205%20Roofing%20and%20Construction&query_place_id=ChIJU5N5Mk2XQIYRQKztvTRjI5M
315,Paredes roofing,Owner / Manager,+12399005681,Houston,Texas,Pending,,Google Maps URL: https://www.google.com/maps/search/?api=1&query=Paredes%20roofing&query_place_id=ChIJ7x0ptKTDQIYRI04F2JTcmmo
316,Patriot Roofing Services,Owner / Manager,+12144491635,Dallas,Texas,Pending,,Google Maps URL: https://www.google.com/maps/search/?api=1&query=Patriot%20Roofing%20Services&query_place_id=ChIJ03FKOlSXToYR0gsHMOOZhyc
317,Peak Fusion Roofing,Owner / Manager,+16815863079,Houston,Texas,Pending,,Google Maps URL: https://www.google.com/maps/search/?api=1&query=Peak%20Fusion%20Roofing&query_place_id=ChIJt3v1gqXFQIYRepQaLiiJVbA
318,PeakTek,Owner / Manager,+16293336170,Nashville,Tennessee,Pending,,Google Maps URL: https://www.google.com/maps/search/?api=1&query=PeakTek&query_place_id=ChIJv2iHPfNmZIgROyFITVbStdk
319,Pedro Framing and Construction,Owner / Manager,+16157790092,Unknown,USA,Pending,,Google Maps URL: https://www.google.com/maps/search/?api=1&query=Pedro%20Framing%20and%20Construction&query_place_id=ChIJdYb9gaW7vScRPu2wJ34Ewqw
320,Perfect Exterior Cleaning Services,Owner / Manager,+18324603378,Houston,Texas,Pending,,Google Maps URL: https://www.google.com/maps/search/?api=1&query=Perfect%20Exterior%20Cleaning%20Services&query_place_id=ChIJlcjsvVGQQIYRR6RC6eDGXBU
321,"Phoenix Contractors, LLC",Owner / Manager,+16159438268,Antioch,Tennessee,Pending,,Google Maps URL: https://www.google.com/maps/search/?api=1&query=Phoenix%20Contractors%2C%20LLC&query_place_id=ChIJlbzYKNJvZIgRvyNXLrlU3uU
322,Picture Perfect Home Services,Owner / Manager,+18323487291,Missouri City,Texas,Pending,https://www.elevationroofing.com/,Google Maps URL: https://www.google.com/maps/search/?api=1&query=Picture%20Perfect%20Home%20Services&query_place_id=ChIJAeIb0EHpQIYRhp8JjuYa-xA
323,"Pink Hammers, LLC",Owner / Manager,+18177212768,Texas,USA,Pending,,Google Maps URL: https://www.google.com/maps/search/?api=1&query=Pink%20Hammers%2C%20LLC&query_place_id=ChIJDw-MuPOPToYRDS4tU9hz1Zc
324,Pitched Roofing,Owner / Manager,+12146495993,Dallas,Texas,Pending,,Google Maps URL: https://www.google.com/maps/search/?api=1&query=Pitched%20Roofing&query_place_id=ChIJ78P-TACfToYR2cQN77_0pnE
325,PolarSolar Solutions,Owner / Manager,+16155626651,Nashville,Tennessee,Pending,,Google Maps URL: https://www.google.com/maps/search/?api=1&query=PolarSolar%20Solutions&query_place_id=ChIJvWIF1-NlZIgRMfBOM242e78
326,Pool Building Experts,Owner / Manager,+13465214070,Houston,Texas,Pending,,Google Maps URL: https://www.google.com/maps/search/?api=1&query=Pool%20Building%20Experts&query_place_id=ChIJQ89RkL9pAIkReeEjG2f2csU
327,Potosino’s Roofing Supply,Owner / Manager,+17136928807,Houston,Texas,Pending,,Google Maps URL: https://www.google.com/maps/search/?api=1&query=Potosino%E2%80%99s%20Roofing%20Supply&query_place_id=ChIJ52npjGO5QIYRhrWGQSKj51M
328,Precision Roofing LLC.,Owner / Manager,+16156699181,Unknown,USA,Pending,,Google Maps URL: https://www.google.com/maps/search/?api=1&query=Precision%20Roofing%20LLC.&query_place_id=ChIJh3x5ir5nZIgR6GtF8rLgAHY
329,Precision Roofing Repairs,Owner / Manager,+18322594434,Houston,Texas,Pending,,Google Maps URL: https://www.google.com/maps/search/?api=1&query=Precision%20Roofing%20Repairs&query_place_id=ChIJ1e-JyEvrQIYR4zrlfZwfRjE
330,Precision Roofing and Building,Owner / Manager,+17137146754,Houston,Texas,Pending,,Google Maps URL: https://www.google.com/maps/search/?api=1&query=Precision%20Roofing%20and%20Building&query_place_id=ChIJR1oDsvS5QIYRAlCpvk4-uqE
331,Premium All Tech Services LLC,Owner / Manager,+18324830860,Houston,Texas,Pending,,Google Maps URL: https://www.google.com/maps/search/?api=1&query=Premium%20All%20Tech%20Services%20LLC&query_place_id=ChIJH5jPp--5QIYRTe3MY3vODqw
332,Prestige Roofing,Owner / Manager,+12149071244,Texas,USA,Pending,,Google Maps URL: https://www.google.com/maps/search/?api=1&query=Prestige%20Roofing&query_place_id=ChIJu92G_Vww5i0RUSKGSjYfrDA
333,Prime Roofing Co,Owner / Manager,+12145133891,Dallas,Texas,Pending,,Google Maps URL: https://www.google.com/maps/search/?api=1&query=Prime%20Roofing%20Co&query_place_id=ChIJqbfdSKuhToYR6LDL2-TwI2o
334,Priority Roof Repair,Owner / Manager,+12146438864,Dallas,Texas,Pending,,Google Maps URL: https://www.google.com/maps/search/?api=1&query=Priority%20Roof%20Repair&query_place_id=ChIJq6oeM8eQToYR_5_edsrPWbc
335,Pro Home Services & Construction,Owner / Manager,+18327068855,Houston,Texas,Pending,,Google Maps URL: https://www.google.com/maps/search/?api=1&query=Pro%20Home%20Services%20%26%20Construction&query_place_id=ChIJ5Xe9NFEKqawRZM5QEnzXqfQ
336,Professional Business center,Owner / Manager,+14694239330,Dallas,Texas,Pending,,Google Maps URL: https://www.google.com/maps/search/?api=1&query=Professional%20Business%20center&query_place_id=ChIJy4_R9UKXToYRru5YOYpaLbE
337,Prohome Detail,Owner / Manager,+19799224441,Texas,USA,Pending,,Google Maps URL: https://www.google.com/maps/search/?api=1&query=Prohome%20Detail&query_place_id=ChIJf4RybsTH3Y4RHcCb_EL3OLQ
338,Pros Roofing & Remodeling,Owner / Manager,+18327692382,Houston,Texas,Pending,,Google Maps URL: https://www.google.com/maps/search/?api=1&query=Pros%20Roofing%20%26%20Remodeling&query_place_id=ChIJwRTF2su7QIYRJlqPH4N1Cto
339,Pura Vida Development,Owner / Manager,+18328039277,Houston,Texas,Pending,,Google Maps URL: https://www.google.com/maps/search/?api=1&query=Pura%20Vida%20Development&query_place_id=ChIJjzHs__SXQIYR6kSLWQxyK30
340,Pure Roofing,Owner / Manager,+14694157886,Dallas,Texas,Pending,,Google Maps URL: https://www.google.com/maps/search/?api=1&query=Pure%20Roofing&query_place_id=ChIJiefcom2ZToYR56GSOEr4hAI
341,Q's Quality Construction LLC,Owner / Manager,+12818511149,Houston,Texas,Pending,,Google Maps URL: https://www.google.com/maps/search/?api=1&query=Q's%20Quality%20Construction%20LLC&query_place_id=ChIJGcpnWVcITmkRKDxgVrS7bNE
342,QE Restoration & Roofing,Owner / Manager,+16155057663,Unknown,USA,Pending,,Google Maps URL: https://www.google.com/maps/search/?api=1&query=QE%20Restoration%20%26%20Roofing&query_place_id=ChIJaRd2e35nZIgRPKnXRo418Jo
343,Quality Roofing Nashville,Owner / Manager,+18884199743,Nashville,Tennessee,Pending,,Google Maps URL: https://www.google.com/maps/search/?api=1&query=Quality%20Roofing%20Nashville&query_place_id=ChIJZaBM4uFlZIgRRiwWzn6gPbk
344,Quality Roofing TCS,Owner / Manager,+16152419779,Unknown,USA,Pending,,Google Maps URL: https://www.google.com/maps/search/?api=1&query=Quality%20Roofing%20TCS&query_place_id=ChIJsXt8MgZ7ZIgR5MmCOEgIois
345,Quiet Clean Repairs,Owner / Manager,+12814543969,Houston,Texas,Pending,,Google Maps URL: https://www.google.com/maps/search/?api=1&query=Quiet%20Clean%20Repairs&query_place_id=ChIJ4ZMNR6vHQIYRE1uY8uaMXNQ
346,Quintanilla roofing,Owner / Manager,+16155899502,Nashville,Tennessee,Pending,,Google Maps URL: https://www.google.com/maps/search/?api=1&query=Quintanilla%20roofing&query_place_id=ChIJu9L0uvptZIgRLb9S665OFLc
347,R and J Contracting,Owner / Manager,+12145733844,Dallas,Texas,Pending,,Google Maps URL: https://www.google.com/maps/search/?api=1&query=R%20and%20J%20Contracting&query_place_id=ChIJ-53R3K2XToYRoQBkgn0VHwA
348,R&R Construction Group GP,Owner / Manager,+16157799973,Unknown,USA,Pending,,Google Maps URL: https://www.google.com/maps/search/?api=1&query=R%26R%20Construction%20Group%20GP&query_place_id=ChIJkYbmHJVtZIgR3aiPXp7l2to
349,RCI Roofing,Owner / Manager,+19724588515,Dallas,Texas,Pending,,Google Maps URL: https://www.google.com/maps/search/?api=1&query=RCI%20Roofing&query_place_id=ChIJAQAAAPkgTIYRGUdgS1pjoFA
350,RG Renovation Services,Owner / Manager,+12145625278,Texas,USA,Pending,,Google Maps URL: https://www.google.com/maps/search/?api=1&query=RG%20Renovation%20Services&query_place_id=ChIJnbbVToX8eYMRGWv_n2n0eYU
351,ROOFING RENOVATIONS LLC,Owner / Manager,+13017686999,Hermitage,Tennessee,Pending,,Google Maps URL: https://www.google.com/maps/search/?api=1&query=ROOFING%20RENOVATIONS%20LLC&query_place_id=ChIJn0pMcBhrZIgRVuu6zrn3m6c
352,Radco,Owner / Manager,+18325518000,Houston,Texas,Pending,,Google Maps URL: https://www.google.com/maps/search/?api=1&query=Radco&query_place_id=ChIJuxbR9vvFQIYRuRnnKWqQImo
353,Rainmaker Roofing,Owner / Manager,+16822391796,Texas,USA,Pending,,Google Maps URL: https://www.google.com/maps/search/?api=1&query=Rainmaker%20Roofing&query_place_id=ChIJL2MQQ5B_ToYRJ7fXMS_5rvU
354,Ramirez Roofing & Construction,Owner / Manager,+12815715526,Houston,Texas,Pending,,Google Maps URL: https://www.google.com/maps/search/?api=1&query=Ramirez%20Roofing%20%26%20Construction&query_place_id=ChIJ0_HfHexKUgYRaoAui60-PZs
355,Rapid Roofing Services,Owner / Manager,+18103931736,Houston,Texas,Pending,,Google Maps URL: https://www.google.com/maps/search/?api=1&query=Rapid%20Roofing%20Services&query_place_id=ChIJCWox76e9QIYRbfHO1DaxPsM
356,Raptor Roofing Inc.,Owner / Manager,+18323532557,Houston,Texas,Pending,,Google Maps URL: https://www.google.com/maps/search/?api=1&query=Raptor%20Roofing%20Inc.&query_place_id=ChIJA6zntRaZQIYRN18PkpJT88c
357,Raymond's Services,Owner / Manager,+12815328373,Denton,TX,Pending,https://www.elevationroofing.com/,Google Maps URL: https://www.google.com/maps/search/?api=1&query=Raymond's%20Services&query_place_id=ChIJ2dcaNIK_QIYRTYxYRa7j9ng
358,Reflections Roofing,Owner / Manager,+18329878763,Houston,Texas,Pending,,Google Maps URL: https://www.google.com/maps/search/?api=1&query=Reflections%20Roofing&query_place_id=ChIJA78Q1KfBQIYRLmxzEQT6htM
359,Regional Roofing & Supply Inc,Owner / Manager,+17137743425,Houston,Texas,Pending,,Google Maps URL: https://www.google.com/maps/search/?api=1&query=Regional%20Roofing%20%26%20Supply%20Inc&query_place_id=ChIJqfYfTgvCQIYRHBCtTlu2sb4
360,Reliable Nashville Roofing,Owner / Manager,+18776280269,Nashville,Tennessee,Pending,,Google Maps URL: https://www.google.com/maps/search/?api=1&query=Reliable%20Nashville%20Roofing&query_place_id=ChIJpzFjZiJnZIgRQMTAVImnYsE
361,Renewed Restoration Group,Owner / Manager,+16823629828,Texas,USA,Pending,,Google Maps URL: https://www.google.com/maps/search/?api=1&query=Renewed%20Restoration%20Group&query_place_id=ChIJ_dk2oPXrR0URmyerOJ8qrlY
362,Repeat & Referral Remodeling,Owner / Manager,+18323666833,Houston,Texas,Pending,,Google Maps URL: https://www.google.com/maps/search/?api=1&query=Repeat%20%26%20Referral%20Remodeling&query_place_id=ChIJzR77rsLdnQcRaeYZiPavVK0
363,Resolution Roofing Corp,Owner / Manager,+18324217663,Houston,Texas,Pending,,Google Maps URL: https://www.google.com/maps/search/?api=1&query=Resolution%20Roofing%20Corp&query_place_id=ChIJ20kMT4jGQIYR9j48yR9yoLs
364,RidgePoint Roofing,Owner / Manager,+12816735623,Houston,Texas,Pending,,Google Maps URL: https://www.google.com/maps/search/?api=1&query=RidgePoint%20Roofing&query_place_id=ChIJj2bbbgC_QIYRe0It6BVwll8
365,Ridgetop Roofers,Owner / Manager,+18324687957,Houston,Texas,Pending,,Google Maps URL: https://www.google.com/maps/search/?api=1&query=Ridgetop%20Roofers&query_place_id=ChIJxR4Qsyy-dwgR6uEcGPBdbCA
366,Rios Home Exteriors,Owner / Manager,+18324988518,Houston,Texas,Pending,,Google Maps URL: https://www.google.com/maps/search/?api=1&query=Rios%20Home%20Exteriors&query_place_id=ChIJ16hoTQq5QIYR3FnMs3R7id0
367,Ritter Brothers Roofing & Remodeling,Owner / Manager,+14693096528,Dallas,Texas,Pending,,Google Maps URL: https://www.google.com/maps/search/?api=1&query=Ritter%20Brothers%20Roofing%20%26%20Remodeling&query_place_id=ChIJN34GTRshTIYR4eCMfGbrsJ8
368,Rivas Roofing & Gutters Inc,Owner / Manager,+17136641815,Houston,Texas,Pending,,Google Maps URL: https://www.google.com/maps/search/?api=1&query=Rivas%20Roofing%20%26%20Gutters%20Inc&query_place_id=ChIJE8vr82XqQIYRc-hzLTnBxdQ
369,Robert H Callis Roofing,Owner / Manager,+16158594478,Nashville,Tennessee,Pending,,Google Maps URL: https://www.google.com/maps/search/?api=1&query=Robert%20H%20Callis%20Roofing&query_place_id=ChIJj-TP8plfZIgR398puSSDLKg
370,Rodeo Roofing,Owner / Manager,+17132596124,Houston,Texas,Pending,,Google Maps URL: https://www.google.com/maps/search/?api=1&query=Rodeo%20Roofing&query_place_id=ChIJAQAAALDHQIYRnz2VmeuCT4U
371,Roman Roofing & More LLC,Owner / Manager,+17139722139,Houston,Texas,Pending,,Google Maps URL: https://www.google.com/maps/search/?api=1&query=Roman%20Roofing%20%26%20More%20LLC&query_place_id=ChIJoSPo8DrHQIYRBTrenHlLqmQ
372,Roof Buddy LLC,Owner / Manager,+14693581032,Texas,USA,Pending,,Google Maps URL: https://www.google.com/maps/search/?api=1&query=Roof%20Buddy%20LLC&query_place_id=ChIJmWQd7V2fToYRcQwXWGgWYU4
373,Roof Maintenance Inc.,Owner / Manager,+16152384670,Nashville,Tennessee,Pending,,Google Maps URL: https://www.google.com/maps/search/?api=1&query=Roof%20Maintenance%20Inc.&query_place_id=ChIJ__8PRVhmZIgRPax6UhzlQGQ
374,Roof Pros & Remodeling,Owner / Manager,+17138249561,Houston,Texas,Pending,,Google Maps URL: https://www.google.com/maps/search/?api=1&query=Roof%20Pros%20%26%20Remodeling&query_place_id=ChIJUUL3wZAL7CERbCykh2py7yg
375,Roof Repair Solutions,Owner / Manager,+12146469638,Dallas,Texas,Pending,,Google Maps URL: https://www.google.com/maps/search/?api=1&query=Roof%20Repair%20Solutions&query_place_id=ChIJQ_AdAUCaToYRB7LCImQt0OU
376,Roof Repair in Houston,Owner / Manager,+18328100065,Houston,Texas,Pending,,Google Maps URL: https://www.google.com/maps/search/?api=1&query=Roof%20Repair%20in%20Houston&query_place_id=ChIJMdbevYnpQIYREaz3zZqHiXk
377,Roof Revivers,Owner / Manager,+16297773979,Unknown,USA,Pending,,Google Maps URL: https://www.google.com/maps/search/?api=1&query=Roof%20Revivers&query_place_id=ChIJhWn1-69mZIgRCwDMdAT9Wwo
378,Roof works,Owner / Manager,+17134708024,Houston,Texas,Pending,,Google Maps URL: https://www.google.com/maps/search/?api=1&query=Roof%20works&query_place_id=ChIJYc-HymzDQIYR3zEKGeYl7GA
379,RoofTex Solutions,Owner / Manager,+18326593550,Houston,Texas,Pending,,Google Maps URL: https://www.google.com/maps/search/?api=1&query=RoofTex%20Solutions&query_place_id=ChIJuTcIDV65QIYRSgNUgjXjTPs
380,Roofer's Local 176,Owner / Manager,+16152985215,Nashville,Tennessee,Pending,,Google Maps URL: https://www.google.com/maps/search/?api=1&query=Roofer's%20Local%20176&query_place_id=ChIJBSewSWxhZIgRqaPzDLyOZjE
381,Roofing & Construction Solutions,Owner / Manager,+13466394954,Houston,Texas,Pending,,Google Maps URL: https://www.google.com/maps/search/?api=1&query=Roofing%20%26%20Construction%20Solutions&query_place_id=ChIJhZFBYJHJt4kRmni6ZMwabWw
382,Roofing And Remodeling Experts,Owner / Manager,+18323469266,Houston,Texas,Pending,,Google Maps URL: https://www.google.com/maps/search/?api=1&query=Roofing%20And%20Remodeling%20Experts&query_place_id=ChIJbcdZhqNZwokR2Cy2c1SfDWk
383,Roofing Claim 1979 Restoration.,Owner / Manager,+12142993780,Dallas,Texas,Pending,,Google Maps URL: https://www.google.com/maps/search/?api=1&query=Roofing%20Claim%201979%20Restoration.&query_place_id=ChIJZRWRpgM1UisR3ARF5laqQRI
384,Roofing Daniel's & Carpentry TN LLC,Owner / Manager,+16156181569,Nashville,Tennessee,Pending,,Google Maps URL: https://www.google.com/maps/search/?api=1&query=Roofing%20Daniel's%20%26%20Carpentry%20TN%20LLC&query_place_id=ChIJHbOd3eBvZIgRSNbFlpS5rTQ
385,Roofing Figueroa Contractor,Owner / Manager,+14695084462,Dallas,Texas,Pending,,Google Maps URL: https://www.google.com/maps/search/?api=1&query=Roofing%20Figueroa%20Contractor&query_place_id=ChIJbX0fZUyXToYR4FFtx65Cdag
386,Roofing Forge Masters,Owner / Manager,+12296390107,Houston,Texas,Pending,,Google Maps URL: https://www.google.com/maps/search/?api=1&query=Roofing%20Forge%20Masters&query_place_id=ChIJSwuHFU7HQIYRt5nAdajuGlQ
387,Roofing Hidalgo LLC,Owner / Manager,+12145545774,Dallas,Texas,Pending,,Google Maps URL: https://www.google.com/maps/search/?api=1&query=Roofing%20Hidalgo%20LLC&query_place_id=ChIJDUDmlTKjToYRtF32RKhV0vg
388,Roofing Professionals,Owner / Manager,+16152983820,Nashville,Tennessee,Pending,,Google Maps URL: https://www.google.com/maps/search/?api=1&query=Roofing%20Professionals&query_place_id=ChIJW_SFbC5sZIgRm_7Vg1vKhqI
389,Roofing Quality,Owner / Manager,+18327067794,Houston,Texas,Pending,,Google Maps URL: https://www.google.com/maps/search/?api=1&query=Roofing%20Quality&query_place_id=ChIJAyZizbnVMGgRqtHBeD5xXr8
390,Roofing Repair Experts,Owner / Manager,+17139128772,Houston,Texas,Pending,,Google Maps URL: https://www.google.com/maps/search/?api=1&query=Roofing%20Repair%20Experts&query_place_id=ChIJAQBA1JHHQIYRuQcsMbaMeM4
391,Roofing Repairs,Owner / Manager,+18323726716,Houston,Texas,Pending,,Google Maps URL: https://www.google.com/maps/search/?api=1&query=Roofing%20Repairs&query_place_id=ChIJd4kJSgDpQIYRQa0VTvi8Jlc
392,Roofing and Remodeling Morfin,Owner / Manager,+17132593197,Houston,Texas,Pending,,Google Maps URL: https://www.google.com/maps/search/?api=1&query=Roofing%20and%20Remodeling%20Morfin&query_place_id=ChIJkVdZdpW5QIYR_vbvQhxulu0
393,Roofing in Nashville,Owner / Manager,+16157197895,Nashville,Tennessee,Pending,,Google Maps URL: https://www.google.com/maps/search/?api=1&query=Roofing%20in%20Nashville&query_place_id=ChIJ8bv7OaxmZIgRcST8F73MURA
394,Roofing texas,Owner / Manager,+18328821977,Houston,Texas,Pending,,Google Maps URL: https://www.google.com/maps/search/?api=1&query=Roofing%20texas&query_place_id=ChIJg2xxne_HQywRcE6ImL1cuKw
395,Roofs One,Owner / Manager,+18327432619,Houston,Texas,Pending,,Google Maps URL: https://www.google.com/maps/search/?api=1&query=Roofs%20One&query_place_id=ChIJ62IQL9vDQIYR4lUPazIv2pU
396,Roofworks Houston,Owner / Manager,+13463022800,Houston,Texas,Pending,,Google Maps URL: https://www.google.com/maps/search/?api=1&query=Roofworks%20Houston&query_place_id=ChIJpWJHFBTrQIYR_z0F1LvG7i4
397,Royal Remodeling LLC,Owner / Manager,+14693991001,Dallas,Texas,Pending,,Google Maps URL: https://www.google.com/maps/search/?api=1&query=Royal%20Remodeling%20LLC&query_place_id=ChIJN6uY3D-bToYRFkdpgni4mX0
398,Royal Renovations,Owner / Manager,+18322202651,Dallas,Texas,Pending,,Google Maps URL: https://www.google.com/maps/search/?api=1&query=Royal%20Renovations&query_place_id=ChIJxVQlZxiZToYR2vjTMyqo3dM
399,Rrc remodeling,Owner / Manager,+17138944682,Houston,Texas,Pending,,Google Maps URL: https://www.google.com/maps/search/?api=1&query=Rrc%20remodeling&query_place_id=ChIJR4G23iSXQIYR6sxKkOdkD9M
400,Ruiz Roofing Services,Owner / Manager,+17134782276,Houston,Texas,Pending,,Google Maps URL: https://www.google.com/maps/search/?api=1&query=Ruiz%20Roofing%20Services&query_place_id=ChIJKUxDf2e4QIYReU8k71hlDiE
401,Ruiz Roofing Services,Owner / Manager,+12144491729,Dallas,Texas,Pending,,Google Maps URL: https://www.google.com/maps/search/?api=1&query=Ruiz%20Roofing%20Services&query_place_id=ChIJQRuhctuZToYRV2G18vweK0I
402,S & W Construction,Owner / Manager,+12148825100,Dallas,Texas,Pending,,Google Maps URL: https://www.google.com/maps/search/?api=1&query=S%20%26%20W%20Construction&query_place_id=ChIJoRPTor6QToYRolpUvIv_MEE
403,"S&J Roofing, LLC",Owner / Manager,+16157538055,Nashville,Tennessee,Pending,,Google Maps URL: https://www.google.com/maps/search/?api=1&query=S%26J%20Roofing%2C%20LLC&query_place_id=ChIJAx7xdsRmZIgR3qgoOhgcT0w
404,SEE FOAM Insulation,Owner / Manager,+13343007487,Whites Creek,Tennessee,Pending,,Google Maps URL: https://www.google.com/maps/search/?api=1&query=SEE%20FOAM%20Insulation&query_place_id=ChIJU0kA39WPjogR-kFTOyG1Jns
405,Safe Home Attic & Home Insulation Service,Owner / Manager,+18325433952,Houston,Texas,Pending,,Google Maps URL: https://www.google.com/maps/search/?api=1&query=Safe%20Home%20Attic%20%26%20Home%20Insulation%20Service&query_place_id=ChIJj5HlUgD3wokRZvuLTm-nz3Q
406,Sanchez Concrete & handyman,Owner / Manager,+14694874902,Dallas,Texas,Pending,,Google Maps URL: https://www.google.com/maps/search/?api=1&query=Sanchez%20Concrete%20%26%20handyman&query_place_id=ChIJjZBKi96XToYRegvaQaLnsNc
407,Sanchez General Construction and Remodeling,Owner / Manager,+12144774249,Dallas,Texas,Pending,,Google Maps URL: https://www.google.com/maps/search/?api=1&query=Sanchez%20General%20Construction%20and%20Remodeling&query_place_id=ChIJG_96ZNm9ToYRu6Eh3ZSXjkQ
408,Sanchez Remodeling Dallas,Owner / Manager,+12145145160,Texas,USA,Pending,,Google Maps URL: https://www.google.com/maps/search/?api=1&query=Sanchez%20Remodeling%20Dallas&query_place_id=ChIJNWlap4mRToYRGbFbnoATwy0
409,Sandoval Servicing LLC,Owner / Manager,+13463211069,Dallas,Texas,Pending,,Google Maps URL: https://www.google.com/maps/search/?api=1&query=Sandoval%20Servicing%20LLC&query_place_id=ChIJgS1nRye7ToYRrMQBdoMktbs
410,Santide Roofing Supply & Lumber,Owner / Manager,+12149144111,Dallas,Texas,Pending,,Google Maps URL: https://www.google.com/maps/search/?api=1&query=Santide%20Roofing%20Supply%20%26%20Lumber&query_place_id=ChIJ06TZwkGQToYRyrT35LE-oFI
411,Saviour Roofing LLC,Owner / Manager,+14696489597,Dallas,Texas,Pending,,Google Maps URL: https://www.google.com/maps/search/?api=1&query=Saviour%20Roofing%20LLC&query_place_id=ChIJ13RgFvKXToYR1DZNET49ZGo
412,Selected Construction,Owner / Manager,+18323412297,Houston,Texas,Pending,,Google Maps URL: https://www.google.com/maps/search/?api=1&query=Selected%20Construction&query_place_id=ChIJ_desg37U_mMRyV_Id9VMyM0
413,Sheffield Brothers Roofing,Owner / Manager,+12819722869,Houston,Texas,Pending,,Google Maps URL: https://www.google.com/maps/search/?api=1&query=Sheffield%20Brothers%20Roofing&query_place_id=ChIJIUQBUUjHQIYRKj9J7F5tu8A
414,Shelton W Greer Co,Owner / Manager,+17138696663,Houston,Texas,Pending,,Google Maps URL: https://www.google.com/maps/search/?api=1&query=Shelton%20W%20Greer%20Co&query_place_id=ChIJnQAZJCTHQIYR5oDVLM-TsTE
415,Sievers and Sons Home Builders,Owner / Manager,+16155666210,Unknown,USA,Pending,,Google Maps URL: https://www.google.com/maps/search/?api=1&query=Sievers%20and%20Sons%20Home%20Builders&query_place_id=ChIJRzTp3lbXU4gRzA-j1t8OaVs
416,Silver Creek Roofing Services,Owner / Manager,+16822136994,Dallas,Texas,Pending,,Google Maps URL: https://www.google.com/maps/search/?api=1&query=Silver%20Creek%20Roofing%20Services&query_place_id=ChIJ52HURLGZToYR2hJooHsh_O0
417,Sky Roofing & Contracting,Owner / Manager,+13462900294,Houston,Texas,Pending,,Google Maps URL: https://www.google.com/maps/search/?api=1&query=Sky%20Roofing%20%26%20Contracting&query_place_id=ChIJCcgKUNANeAERZPPoph70kko
418,SkyGuard Roofing Service Houston,Owner / Manager,+18329791177,Houston,Texas,Pending,,Google Maps URL: https://www.google.com/maps/search/?api=1&query=SkyGuard%20Roofing%20Service%20Houston&query_place_id=ChIJZ4Gnohy5QIYRNRIWGIjyazk
419,Skyline Roof Care,Owner / Manager,+12815369214,Houston,Texas,Pending,,Google Maps URL: https://www.google.com/maps/search/?api=1&query=Skyline%20Roof%20Care&query_place_id=ChIJhZ9WCgC_QIYRHX2cJYq6kX4
420,SmithCo Property Restoration Group,Owner / Manager,+16153556699,Unknown,USA,Pending,,Google Maps URL: https://www.google.com/maps/search/?api=1&query=SmithCo%20Property%20Restoration%20Group&query_place_id=ChIJoeFAia5qZIgRnvCH3hC36N4
421,SolidLine Roofing Co.,Owner / Manager,+12816285286,Dallas,Texas,Pending,,Google Maps URL: https://www.google.com/maps/search/?api=1&query=SolidLine%20Roofing%20Co.&query_place_id=ChIJg5TcVwCfToYRcFwtem1gvZE
422,Southeastern Roofing Company,Owner / Manager,+18337373266,Unknown,USA,Pending,,Google Maps URL: https://www.google.com/maps/search/?api=1&query=Southeastern%20Roofing%20Company&query_place_id=ChIJT336zyTmRgcRDzhkLta3s7U
423,Southern Roofing & Gutters,Owner / Manager,+18328637391,Houston,Texas,Pending,,Google Maps URL: https://www.google.com/maps/search/?api=1&query=Southern%20Roofing%20%26%20Gutters&query_place_id=ChIJX_kxMs-zKmURN6FiLYYrY68
424,Space City Roofing & Remodeling LLC,Owner / Manager,+18325800522,Houston,Texas,Pending,,Google Maps URL: https://www.google.com/maps/search/?api=1&query=Space%20City%20Roofing%20%26%20Remodeling%20LLC&query_place_id=ChIJHUwwDAvpQIYRv7iwwrH1q9A
425,Sparkman Roofing & Remodeling,Owner / Manager,+16157547663,Unknown,USA,Pending,,Google Maps URL: https://www.google.com/maps/search/?api=1&query=Sparkman%20Roofing%20%26%20Remodeling&query_place_id=ChIJ0eEoq5hlZIgRzSLW2z8nlzc
426,Sparrow Heating & Cooling,Owner / Manager,+16152059405,Unknown,USA,Pending,,Google Maps URL: https://www.google.com/maps/search/?api=1&query=Sparrow%20Heating%20%26%20Cooling&query_place_id=ChIJ2Uv3jQRnZIgR1hN_2Z4a-E0
427,Spectrum Contracting,Owner / Manager,+18007052150,Dallas,Texas,Pending,,Google Maps URL: https://www.google.com/maps/search/?api=1&query=Spectrum%20Contracting&query_place_id=ChIJ5Sh0jOMgTIYRfCsDfnlNSjU
428,Standard Roofing & Sheet Metal,Owner / Manager,+17136901477,Houston,Texas,Pending,,Google Maps URL: https://www.google.com/maps/search/?api=1&query=Standard%20Roofing%20%26%20Sheet%20Metal&query_place_id=ChIJF6dTQ6PFQIYRPUV_Am8lOLg
429,Star Legacy Contractors,Owner / Manager,+14698806138,Dallas,Texas,Pending,,Google Maps URL: https://www.google.com/maps/search/?api=1&query=Star%20Legacy%20Contractors&query_place_id=ChIJFyuNG7ekU4YRPUOgnv_M1kU
430,Star Roof Cleaning,Owner / Manager,+18325501000,Houston,Texas,Pending,,Google Maps URL: https://www.google.com/maps/search/?api=1&query=Star%20Roof%20Cleaning&query_place_id=ChIJ93sW-JzAQIYRJVXWZY_tT_A
431,Star Roofing & Solar Providers Houston,Owner / Manager,+18325365640,Houston,Texas,Pending,,Google Maps URL: https://www.google.com/maps/search/?api=1&query=Star%20Roofing%20%26%20Solar%20Providers%20Houston&query_place_id=ChIJNdfaZ-OXQIYRpgbHchd07fs
432,Start Truss,Owner / Manager,+16159629958,Nashville,Tennessee,Pending,,Google Maps URL: https://www.google.com/maps/search/?api=1&query=Start%20Truss&query_place_id=ChIJdVaSzUNdZIgRF9gtgTUeI9w
433,Sterling Inn & Suites,Owner / Manager,+17137815600,Houston,Texas,Pending,,Google Maps URL: https://www.google.com/maps/search/?api=1&query=Sterling%20Inn%20%26%20Suites&query_place_id=ChIJ4zdjhDXCQIYRzBPc8d2KrOo
434,Stewart Exteriors LLC,Owner / Manager,+16154200164,Old Hickory,Tennessee,Pending,,Google Maps URL: https://www.google.com/maps/search/?api=1&query=Stewart%20Exteriors%20LLC&query_place_id=ChIJk7dcRbdBZIgRPPiNvnCEaW0
435,Stop Roof Leaks,Owner / Manager,+12816608122,Houston,Texas,Pending,,Google Maps URL: https://www.google.com/maps/search/?api=1&query=Stop%20Roof%20Leaks&query_place_id=ChIJy2sDlHkpGoIRuL0EpBc0QsQ
436,Stratus Construction LLC,Owner / Manager,+16155661947,Hermitage,Tennessee,Pending,,Google Maps URL: https://www.google.com/maps/search/?api=1&query=Stratus%20Construction%20LLC&query_place_id=ChIJMRZDycBqZIgRyAEOVLPJFQk
437,Strong Restoration,Owner / Manager,+16152129280,Unknown,USA,Pending,,Google Maps URL: https://www.google.com/maps/search/?api=1&query=Strong%20Restoration&query_place_id=ChIJyy3PV4jpsIoR1T-SCTcJXdU
438,StructoraBuildPrime,Owner / Manager,+17693573682,Dallas,Texas,Pending,,Google Maps URL: https://www.google.com/maps/search/?api=1&query=StructoraBuildPrime&query_place_id=ChIJuyyXsqmXToYRvjIIhltwZeg
439,Summi Forge RoofingMasters,Owner / Manager,+13692244910,Houston,Texas,Pending,,Google Maps URL: https://www.google.com/maps/search/?api=1&query=Summi%20Forge%20RoofingMasters&query_place_id=ChIJlfaKXpW7QIYRJqUNjhcvEnQ
440,Summit Gate Roofing Depot,Owner / Manager,+18483147149,Houston,Texas,Pending,,Google Maps URL: https://www.google.com/maps/search/?api=1&query=Summit%20Gate%20Roofing%20Depot&query_place_id=ChIJV0ryXzS_QIYRAD0dtPZroIU
441,Summit Gate Roofing Depot,Owner / Manager,+15052781595,Houston,Texas,Pending,,Google Maps URL: https://www.google.com/maps/search/?api=1&query=Summit%20Gate%20Roofing%20Depot&query_place_id=ChIJt8_T_67HQIYRow_A58voxME
442,Summit Peak Roof Works,Owner / Manager,+14722762230,Houston,Texas,Pending,,Google Maps URL: https://www.google.com/maps/search/?api=1&query=Summit%20Peak%20Roof%20Works&query_place_id=ChIJoQaC7PCVQIYRB1U2EO9Cs4I
443,SummitStone Construction,Owner / Manager,+18044676945,Dallas,Texas,Pending,,Google Maps URL: https://www.google.com/maps/search/?api=1&query=SummitStone%20Construction&query_place_id=ChIJlWy1jYqfToYR55T1aWjQVjg
444,Superior Estimation,Owner / Manager,+13465346993,Houston,Texas,Pending,,Google Maps URL: https://www.google.com/maps/search/?api=1&query=Superior%20Estimation&query_place_id=ChIJVVVJ8TW_QIYR6-SEP0zALJI
445,Superior Painting,Owner / Manager,+17135943309,Houston,Texas,Pending,,Google Maps URL: https://www.google.com/maps/search/?api=1&query=Superior%20Painting&query_place_id=ChIJA-o6wCy6QIYRp6xH-uiDsMQ
446,Superior Renovation Group,Owner / Manager,+16154206160,Nashville,Tennessee,Pending,,Google Maps URL: https://www.google.com/maps/search/?api=1&query=Superior%20Renovation%20Group&query_place_id=ChIJn0bp17xCZIgRTzNF2DrSzSE
447,Superior roof solutions,Owner / Manager,+18323067871,Houston,Texas,Pending,,Google Maps URL: https://www.google.com/maps/search/?api=1&query=Superior%20roof%20solutions&query_place_id=ChIJNc2Y3MO_QIYRXoppke_TdYE
448,TEMPLE & TEMPLE,Owner / Manager,+12815719203,Houston,Texas,Pending,,Google Maps URL: https://www.google.com/maps/search/?api=1&query=TEMPLE%20%26%20TEMPLE&query_place_id=ChIJLyIct_6VQIYR0E0YMCYaJ_E
449,THE BROTHERS ROOFING & CONSTRUCTION,Owner / Manager,+16154982931,Nashville,Tennessee,Pending,,Google Maps URL: https://www.google.com/maps/search/?api=1&query=THE%20BROTHERS%20ROOFING%20%26%20CONSTRUCTION&query_place_id=ChIJuRQnQ_BvZIgR2vh0AfaBq0Q
450,TN Roofing Pro,Owner / Manager,+16159823032,Unknown,USA,Pending,,Google Maps URL: https://www.google.com/maps/search/?api=1&query=TN%20Roofing%20Pro&query_place_id=ChIJC1z6KllIkKoRfEJPko4Ck3I
451,TRC Contractors,Owner / Manager,+16156008800,Unknown,USA,Pending,,Google Maps URL: https://www.google.com/maps/search/?api=1&query=TRC%20Contractors&query_place_id=ChIJNQt3Vah-D6gRrCb4CFSXQyw
452,TRC Roofing - Nashville,Owner / Manager,+16156852399,Unknown,USA,Pending,,Google Maps URL: https://www.google.com/maps/search/?api=1&query=TRC%20Roofing%20-%20Nashville&query_place_id=ChIJXzocqlNpZIgR-1lmmHO-mc0
453,Tarangos Home Improvements LLC,Owner / Manager,+12147105476,Texas,USA,Pending,,Google Maps URL: https://www.google.com/maps/search/?api=1&query=Tarangos%20Home%20Improvements%20LLC&query_place_id=ChIJI4SV4CwtUw8RI_tE35zEFw0
454,Tejas Roofing & Remodeling,Owner / Manager,+17134981156,Houston,Texas,Pending,,Google Maps URL: https://www.google.com/maps/search/?api=1&query=Tejas%20Roofing%20%26%20Remodeling&query_place_id=ChIJC-qkh3D3_0oRfTt_5nT9lzc
455,Temple Roofing and Restoration,Owner / Manager,+17138437663,Houston,Texas,Pending,,Google Maps URL: https://www.google.com/maps/search/?api=1&query=Temple%20Roofing%20and%20Restoration&query_place_id=ChIJbYfO4qWZDS4RwKJfaTIoUZA
456,TennRoof,Owner / Manager,+16154030154,Unknown,USA,Pending,,Google Maps URL: https://www.google.com/maps/search/?api=1&query=TennRoof&query_place_id=ChIJmwzyAzZuZIgRb3F0eKqpsjk
457,Tennessee Master Restoraton,Owner / Manager,+16155642536,Nashville,Tennessee,Pending,,Google Maps URL: https://www.google.com/maps/search/?api=1&query=Tennessee%20Master%20Restoraton&query_place_id=ChIJVVVVVYxmZIgRyY6I0B2C53w
458,Terwogt Roofing & Exteriors,Owner / Manager,+18329357535,Houston,Texas,Pending,,Google Maps URL: https://www.google.com/maps/search/?api=1&query=Terwogt%20Roofing%20%26%20Exteriors&query_place_id=ChIJrUidnpC5QIYRs2N1G5DkmAU
459,Texans Force,Owner / Manager,+18322701779,Houston,Texas,Pending,,Google Maps URL: https://www.google.com/maps/search/?api=1&query=Texans%20Force&query_place_id=ChIJVVUFcR7qQIYRaluElCNq4dw
460,"Texas Mechanical Services, LLC",Owner / Manager,+12147233544,Dallas,Texas,Pending,,Google Maps URL: https://www.google.com/maps/search/?api=1&query=Texas%20Mechanical%20Services%2C%20LLC&query_place_id=ChIJGfcuVoiZToYR5kSHI4BxBAQ
461,Texas Pride Construction Inc,Owner / Manager,+17134338412,Houston,Texas,Pending,,Google Maps URL: https://www.google.com/maps/search/?api=1&query=Texas%20Pride%20Construction%20Inc&query_place_id=ChIJNyDWjOnrQIYR24Wu4NtZTGE
462,Texas Remodeling LLC,Owner / Manager,+17136599081,Houston,Texas,Pending,,Google Maps URL: https://www.google.com/maps/search/?api=1&query=Texas%20Remodeling%20LLC&query_place_id=ChIJUQdwvBzpQIYRoQZtmWd_ONs
463,Texas Roofing By Design,Owner / Manager,+12146242719,Texas,USA,Pending,,Google Maps URL: https://www.google.com/maps/search/?api=1&query=Texas%20Roofing%20By%20Design&query_place_id=ChIJ7Z5HcyjDbKYRKYHnrYFVcIA
464,The Father,Owner / Manager,+18323083342,Houston,Texas,Pending,,Google Maps URL: https://www.google.com/maps/search/?api=1&query=The%20Father&query_place_id=ChIJVVXRkZfGQIYROocmPW06SLI
465,The Roof Guy,Owner / Manager,+16157663489,Brentwood,Tennessee,Pending,,Google Maps URL: https://www.google.com/maps/search/?api=1&query=The%20Roof%20Guy&query_place_id=ChIJeSC8FPF7ZIgRFBCy8UQiTq4
466,"Thunder Roofing, Inc.",Owner / Manager,+12146681123,Texas,USA,Pending,,Google Maps URL: https://www.google.com/maps/search/?api=1&query=Thunder%20Roofing%2C%20Inc.&query_place_id=ChIJBeic692fToYRpoQDm2DnGpQ
467,Thunderstorm Roofing & Construction,Owner / Manager,+19724678417,Dallas,Texas,Pending,,Google Maps URL: https://www.google.com/maps/search/?api=1&query=Thunderstorm%20Roofing%20%26%20Construction&query_place_id=ChIJ8ZyvlaGjToYR_r_lsspULV0
468,Tilat Roofing & Solar Contractor,Owner / Manager,+18336528252,Houston,Texas,Pending,,Google Maps URL: https://www.google.com/maps/search/?api=1&query=Tilat%20Roofing%20%26%20Solar%20Contractor&query_place_id=ChIJ__87dHC-QIYRS2uC5xA_tl8
469,TimeWise Roofing,Owner / Manager,+18329292481,Houston,Texas,Pending,,Google Maps URL: https://www.google.com/maps/search/?api=1&query=TimeWise%20Roofing&query_place_id=ChIJj6hPv6c_WWIR3jj8NS7kapA
470,Titan Construction Group,Owner / Manager,+16159884092,Antioch,Tennessee,Pending,,Google Maps URL: https://www.google.com/maps/search/?api=1&query=Titan%20Construction%20Group&query_place_id=ChIJnT0PRPFtZIgR2Trjb3aJnYE
471,Tonys Roofing,Owner / Manager,+16155934636,Nashville,Tennessee,Pending,,Google Maps URL: https://www.google.com/maps/search/?api=1&query=Tonys%20Roofing&query_place_id=ChIJ00UxFraJZIgRSgPxz1JNsSQ
472,Top Tier Roofing,Owner / Manager,+12142259062,Dallas,Texas,Pending,,Google Maps URL: https://www.google.com/maps/search/?api=1&query=Top%20Tier%20Roofing&query_place_id=ChIJzVZzwtWbToYRTbEzUoxTz4w
473,Top Tier Roofing Contractors,Owner / Manager,+19729929038,Dallas,Texas,Pending,,Google Maps URL: https://www.google.com/maps/search/?api=1&query=Top%20Tier%20Roofing%20Contractors&query_place_id=ChIJAQBwJPsgTIYR5IC0PHpG9GA
474,Total Metal Products,Owner / Manager,+12143307453,Dallas,Texas,Pending,,Google Maps URL: https://www.google.com/maps/search/?api=1&query=Total%20Metal%20Products&query_place_id=ChIJv5laAmeQToYRvj2io95Yv6E
475,Tower Roofing Inc.,Owner / Manager,+16153207663,Nashville,Tennessee,Pending,,Google Maps URL: https://www.google.com/maps/search/?api=1&query=Tower%20Roofing%20Inc.&query_place_id=ChIJAQAAANxmZIgRhN9Cu7sWSD8
476,Tracer Construction Company,Owner / Manager,+17138685500,Houston,Texas,Pending,,Google Maps URL: https://www.google.com/maps/search/?api=1&query=Tracer%20Construction%20Company&query_place_id=ChIJLUJIo1PCQIYR16Mt4Y7I9dU
477,Tri-Star Roofing,Owner / Manager,+18327220783,Houston,Texas,Pending,,Google Maps URL: https://www.google.com/maps/search/?api=1&query=Tri-Star%20Roofing&query_place_id=ChIJLUmCaD7IQIYREaeY6N-bHKc
478,Trinity Roofing And Home Improvement,Owner / Manager,+16157670882,Brentwood,Tennessee,Pending,,Google Maps URL: https://www.google.com/maps/search/?api=1&query=Trinity%20Roofing%20And%20Home%20Improvement&query_place_id=ChIJAQAwZid7ZIgR98eD12Wtr70
479,Tru Construction,Owner / Manager,+16159286222,Unknown,USA,Pending,,Google Maps URL: https://www.google.com/maps/search/?api=1&query=Tru%20Construction&query_place_id=ChIJ5SWn9NtnZIgR-vvbzktR0WE
480,TrueGuard Roofing,Owner / Manager,+12202840294,Houston,Texas,Pending,,Google Maps URL: https://www.google.com/maps/search/?api=1&query=TrueGuard%20Roofing&query_place_id=ChIJB211wD6_QIYRN_ihT40U1to
481,Trustar Roofing & Construction,Owner / Manager,+12147305466,Dallas,Texas,Pending,,Google Maps URL: https://www.google.com/maps/search/?api=1&query=Trustar%20Roofing%20%26%20Construction&query_place_id=ChIJc3uuidohTIYREWqhNvQxe2U
482,Trustworthy Roofing & Remodeling LLC,Owner / Manager,+18328913276,Houston,Texas,Pending,,Google Maps URL: https://www.google.com/maps/search/?api=1&query=Trustworthy%20Roofing%20%26%20Remodeling%20LLC&query_place_id=ChIJcaI1SfUxKmUR5zOWtFHzp4Q
483,Turner Roofing and Solar Service,Owner / Manager,+12149386737,Texas,USA,Pending,,Google Maps URL: https://www.google.com/maps/search/?api=1&query=Turner%20Roofing%20and%20Solar%20Service&query_place_id=ChIJs_vNo37FA04RY1SbPnlkiIw
484,Ultimax Xteriors,Owner / Manager,+18325742697,Houston,Texas,Pending,,Google Maps URL: https://www.google.com/maps/search/?api=1&query=Ultimax%20Xteriors&query_place_id=ChIJBwKD7LsFMCkRIVJLVqg1ZEo
485,Uncle Güero Home Improvement LLC,Owner / Manager,+12149463300,Dallas,Texas,Pending,,Google Maps URL: https://www.google.com/maps/search/?api=1&query=Uncle%20G%C3%BCero%20Home%20Improvement%20LLC&query_place_id=ChIJw-hrZcmZToYR54NBUiNuIm8
486,United Roofing Consultants Inc.,Owner / Manager,+16158325099,Nashville,Tennessee,Pending,,Google Maps URL: https://www.google.com/maps/search/?api=1&query=United%20Roofing%20Consultants%20Inc.&query_place_id=ChIJixx-B_VlZIgRBMWlm4zLp00
487,Unity Roofing & Exteriors,Owner / Manager,+12143804634,Dallas,Texas,Pending,,Google Maps URL: https://www.google.com/maps/search/?api=1&query=Unity%20Roofing%20%26%20Exteriors&query_place_id=ChIJeWxKTfujToYR38oUmYD_d8Y
488,Universal Landscaping,Owner / Manager,+16154057001,Unknown,USA,Pending,,Google Maps URL: https://www.google.com/maps/search/?api=1&query=Universal%20Landscaping&query_place_id=ChIJ20lulbBZgmkRgRSZXimd6IU
489,Universal roofing systems inc,Owner / Manager,+18325668447,Houston,Texas,Pending,,Google Maps URL: https://www.google.com/maps/search/?api=1&query=Universal%20roofing%20systems%20inc&query_place_id=ChIJdQBPZJTFQIYRw8aTE7LnLfs
490,Urban Properties,Owner / Manager,+16157502148,Nashville,Tennessee,Pending,,Google Maps URL: https://www.google.com/maps/search/?api=1&query=Urban%20Properties&query_place_id=ChIJGUt3TrxCZIgRY_OTuSHaoFw
491,UrbatrixBuildGroup,Owner / Manager,+18262497036,Dallas,Texas,Pending,,Google Maps URL: https://www.google.com/maps/search/?api=1&query=UrbatrixBuildGroup&query_place_id=ChIJ-bNgzEaXToYRFpdarEBVBBE
492,Valdivia Building Materials,Owner / Manager,+18322796931,Houston,Texas,Pending,,Google Maps URL: https://www.google.com/maps/search/?api=1&query=Valdivia%20Building%20Materials&query_place_id=ChIJ1z2L3kq8QIYRzGnomuRa2n8
493,Vargas Roofing Solutions,Owner / Manager,+12146173771,Dallas,Texas,Pending,,Google Maps URL: https://www.google.com/maps/search/?api=1&query=Vargas%20Roofing%20Solutions&query_place_id=ChIJG3X2sS4hTIYR0gV1qMig_9k
494,Vasquez Roofing,Owner / Manager,+14693633960,Dallas,Texas,Pending,,Google Maps URL: https://www.google.com/maps/search/?api=1&query=Vasquez%20Roofing&query_place_id=ChIJnwzNM3alToYRA_Qs8R7qsgg
495,Vasquez Surplus,Owner / Manager,+12149414282,Dallas,Texas,Pending,,Google Maps URL: https://www.google.com/maps/search/?api=1&query=Vasquez%20Surplus&query_place_id=ChIJD-wiFO2ZToYRQqrKPbDCpG8
496,Vazquez Remodeling and Construction,Owner / Manager,+12144544975,Texas,USA,Pending,,Google Maps URL: https://www.google.com/maps/search/?api=1&query=Vazquez%20Remodeling%20and%20Construction&query_place_id=ChIJCSWcVtmbToYRZtTna09Drio
497,Veranda Roofing System,Owner / Manager,+12146633940,Texas,USA,Pending,,Google Maps URL: https://www.google.com/maps/search/?api=1&query=Veranda%20Roofing%20System&query_place_id=ChIJZyK5UaupIQYR4OnkSkPtmQY
498,Vested Roofing Services,Owner / Manager,+12143342954,Dallas,Texas,Pending,,Google Maps URL: https://www.google.com/maps/search/?api=1&query=Vested%20Roofing%20Services&query_place_id=ChIJIYOWsGaXToYRZMfWdFE_JDA
499,Villela Construction Inc,Owner / Manager,+17136432719,Houston,Texas,Pending,,Google Maps URL: https://www.google.com/maps/search/?api=1&query=Villela%20Construction%20Inc&query_place_id=ChIJv-V-6eO9QIYR38qkddOGQ30
500,Wahidi Construction LLC,Owner / Manager,+16156095504,Nashville,Tennessee,Pending,,Google Maps URL: https://www.google.com/maps/search/?api=1&query=Wahidi%20Construction%20LLC&query_place_id=ChIJ__-TXTBvZIgRbfETx5UiS7c
501,Walter Velazquez Construction Co,Owner / Manager,+16159776117,Unknown,USA,Pending,,Google Maps URL: https://www.google.com/maps/search/?api=1&query=Walter%20Velazquez%20Construction%20Co&query_place_id=ChIJVyeCAiANZIgR5xljrcZflNg
502,Warner Company,Owner / Manager,+12142077725,Dallas,Texas,Pending,,Google Maps URL: https://www.google.com/maps/search/?api=1&query=Warner%20Company&query_place_id=ChIJpxOpHHogTIYRec8lNvMXTpk
503,Water Damage Restoration in Houston,Owner / Manager,+13466392120,Houston,Texas,Pending,,Google Maps URL: https://www.google.com/maps/search/?api=1&query=Water%20Damage%20Restoration%20in%20Houston&query_place_id=ChIJnVQjmUjHQIYRjrjyUeGia98
504,Weather Guard Roofing,Owner / Manager,+16154334001,Nashville,Tennessee,Pending,,Google Maps URL: https://www.google.com/maps/search/?api=1&query=Weather%20Guard%20Roofing&query_place_id=ChIJ-YMxnVdmZIgRr7Jm2XjXF9c
505,Weather Ready Roofing LLC,Owner / Manager,+16155062565,Unknown,USA,Pending,,Google Maps URL: https://www.google.com/maps/search/?api=1&query=Weather%20Ready%20Roofing%20LLC&query_place_id=ChIJvRZJoA2hI4oR6Ud1y1VEqt8
506,Weber & Sons,Owner / Manager,+18322107060,Houston,Texas,Pending,,Google Maps URL: https://www.google.com/maps/search/?api=1&query=Weber%20%26%20Sons&query_place_id=ChIJZzFDeZ2lQIYR-SohRMg9XMw
507,Williams Brothers Roofing & Construction,Owner / Manager,+13468106917,Houston,Texas,Pending,,Google Maps URL: https://www.google.com/maps/search/?api=1&query=Williams%20Brothers%20Roofing%20%26%20Construction&query_place_id=ChIJFcDh0PzrQIYRICfbD2kM94s
508,Wisdom Construction Group,Owner / Manager,+18447663886,Dallas,Texas,Pending,,Google Maps URL: https://www.google.com/maps/search/?api=1&query=Wisdom%20Construction%20Group&query_place_id=ChIJDVn3ZuWfToYRRLsJQnDi-B4
509,Workforce Roofing & Supply,Owner / Manager,+17302833296,Houston,Texas,Pending,,Google Maps URL: https://www.google.com/maps/search/?api=1&query=Workforce%20Roofing%20%26%20Supply&query_place_id=ChIJ2ZRL1dKVQIYR-ACNGQNN02c
510,Worldwide Contracting and Roofing,Owner / Manager,+12145043664,Dallas,Texas,Pending,,Google Maps URL: https://www.google.com/maps/search/?api=1&query=Worldwide%20Contracting%20and%20Roofing&query_place_id=ChIJnyAHOTyaToYRTqPDH_0YZ6s
511,Wright Brothers Roofing,Owner / Manager,+19362097110,Houston,Texas,Pending,,Google Maps URL: https://www.google.com/maps/search/?api=1&query=Wright%20Brothers%20Roofing&query_place_id=ChIJs38C2f-_QIYRSJ22nrjFS-k
512,X-Factor Construction,Owner / Manager,+12142578941,Texas,USA,Pending,,Google Maps URL: https://www.google.com/maps/search/?api=1&query=X-Factor%20Construction&query_place_id=ChIJR29dMSniMCQR351YPILUJHw
513,Xtra roofing,Owner / Manager,+18324686504,Houston,Texas,Pending,,Google Maps URL: https://www.google.com/maps/search/?api=1&query=Xtra%20roofing&query_place_id=ChIJza4c8We5QIYRHibpvBiS-_g
514,Y A & S Roofing & Seamless Gutters,Owner / Manager,+18324530184,Houston,Texas,Pending,,Google Maps URL: https://www.google.com/maps/search/?api=1&query=Y%20A%20%26%20S%20Roofing%20%26%20Seamless%20Gutters&query_place_id=ChIJj4BjE0S7QIYRNGcA2_KRt6I
515,Y&C roofing and restoration,Owner / Manager,+18326653280,Houston,Texas,Pending,,Google Maps URL: https://www.google.com/maps/search/?api=1&query=Y%26C%20roofing%20and%20restoration&query_place_id=ChIJC53oOP3DQIYRId59yeHgtsk
516,Yep Construction,Owner / Manager,+16158388431,Nashville,Tennessee,Pending,,Google Maps URL: https://www.google.com/maps/search/?api=1&query=Yep%20Construction&query_place_id=ChIJc-vvMBpoZIgR5xealr-URvc
517,Younes Roofing,Owner / Manager,+12148100861,Dallas,Texas,Pending,,Google Maps URL: https://www.google.com/maps/search/?api=1&query=Younes%20Roofing&query_place_id=ChIJxQPvcvGXToYRoLaxCj0SlUs
518,Zip Roofing,Owner / Manager,+12142006008,Texas,USA,Pending,,Google Maps URL: https://www.google.com/maps/search/?api=1&query=Zip%20Roofing&query_place_id=ChIJj-A5XUUhTIYRaAKm-l7kQ9M
519,e&m roofing,Owner / Manager,+18322154101,Houston,Texas,Pending,,Google Maps URL: https://www.google.com/maps/search/?api=1&query=e%26m%20roofing&query_place_id=ChIJqTPR8LG5QIYRVITwe1VKCy0
520,llremodeling,Owner / Manager,+18322878584,Houston,Texas,Pending,,Google Maps URL: https://www.google.com/maps/search/?api=1&query=llremodeling&query_place_id=ChIJK1CrV-7rQIYRz_qYMbFdchc
521,mannyroofingconstruction,Owner / Manager,+13467576215,Houston,Texas,Pending,,Google Maps URL: https://www.google.com/maps/search/?api=1&query=mannyroofingconstruction&query_place_id=ChIJpWq_M33pQIYRQXOivOdjlD4
522,millenniumroofingtn,Owner / Manager,+16155256725,Nashville,Tennessee,Pending,,Google Maps URL: https://www.google.com/maps/search/?api=1&query=millenniumroofingtn&query_place_id=ChIJl079w1tmZIgRWe_LFIgHLfo
